,county,year,Avg_Tempmin_anomaly,Avg_Tempmin_anomaly_norm,Avg_Tempmax_anomaly,Avg_Tempmax_anomaly_norm,co2_min,co2_min_norm,co2_max,co2_max_norm
0,3,1895,-1.4166666666666599,0.0,-0.966666666666665,0.16666666666666702,,,,
1,65,1895,-1.627777777777771,0.0,-0.7277777777777672,0.2857142857142856,,,,
2,79,1895,-1.1611111111111043,0.1428571428571428,-1.1722222222222207,0.16666666666666702,,,,
3,109,1895,-1.283333333333327,0.1428571428571428,-0.6388888888888786,0.3333333333333333,,,,
4,125,1895,-1.216666666666658,0.1428571428571428,-0.99444444444444,0.16666666666666613,,,,
5,540,1895,-1.066666666666661,0.0,-1.3611111111110965,0.14285714285714324,,,,
6,3,1896,0.2500000000000071,0.5,-0.4111111111111079,0.33333333333333404,,,,
7,65,1896,0.038888888888895856,0.4285714285714286,-0.17222222222221006,0.4285714285714288,,,,
8,79,1896,0.5055555555555626,0.5714285714285714,-0.061111111111110006,0.5,,,,
9,109,1896,-0.1722222222222154,0.4285714285714286,-0.08333333333332149,0.5000000000000006,,,,
10,125,1896,1.0055555555555644,0.7142857142857142,0.11666666666667425,0.5000000000000006,,,,
11,540,1896,0.6000000000000059,0.5,-0.2499999999999858,0.4285714285714288,,,,
12,3,1897,0.2500000000000071,0.5,0.1444444444444457,0.5,,,,
13,65,1897,0.038888888888895856,0.4285714285714286,0.3833333333333435,0.5714285714285712,,,,
14,79,1897,0.5055555555555626,0.5714285714285714,-0.061111111111110006,0.5,,,,
15,109,1897,-0.1722222222222154,0.4285714285714286,0.4722222222222321,0.6666666666666666,,,,
16,125,1897,0.45000000000000906,0.5714285714285714,0.11666666666667425,0.5000000000000006,,,,
17,540,1897,0.6000000000000059,0.5,0.30555555555557135,0.5714285714285721,,,,
18,3,1898,0.8055555555555625,0.6666666666666666,-0.4111111111111079,0.33333333333333404,,,,
19,65,1898,0.5944444444444512,0.5714285714285714,0.3833333333333435,0.5714285714285712,,,,
20,79,1898,1.061111111111118,0.7142857142857142,-0.061111111111110006,0.5,,,,
21,109,1898,0.38333333333333997,0.5714285714285714,0.4722222222222321,0.6666666666666666,,,,
22,125,1898,1.0055555555555644,0.7142857142857142,0.11666666666667425,0.5000000000000006,,,,
23,540,1898,1.155555555555562,0.6666666666666669,-0.2499999999999858,0.4285714285714288,,,,
24,3,1899,0.2500000000000071,0.5,-0.4111111111111079,0.33333333333333404,,,,
25,65,1899,0.038888888888895856,0.4285714285714286,-0.17222222222221006,0.4285714285714288,,,,
26,79,1899,-0.049999999999993605,0.4285714285714284,-0.061111111111110006,0.5,,,,
27,109,1899,-0.1722222222222154,0.4285714285714286,-0.08333333333332149,0.5000000000000006,,,,
28,125,1899,-0.1055555555555463,0.4285714285714286,-0.4388888888888829,0.3333333333333333,,,,
29,540,1899,0.044444444444450504,0.3333333333333334,-0.8055555555555394,0.2857142857142865,,,,
30,3,1900,1.3611111111111187,0.8333333333333334,0.7000000000000028,0.6666666666666671,,,,
31,65,1900,1.1500000000000075,0.7142857142857144,0.9388888888889007,0.7142857142857144,,,,
32,79,1900,1.061111111111118,0.7142857142857142,1.0500000000000007,0.8333333333333329,,,,
33,109,1900,0.9388888888888953,0.7142857142857142,1.0277777777777892,0.8333333333333338,,,,
34,125,1900,1.0055555555555644,0.7142857142857142,0.6722222222222278,0.6666666666666666,,,,
35,540,1900,1.155555555555562,0.6666666666666669,0.8611111111111249,0.7142857142857144,,,,
36,3,1901,-0.30555555555554825,0.3333333333333334,-1.5222222222222221,0.0,,,,
37,65,1901,0.038888888888895856,0.4285714285714286,-1.2833333333333208,0.14285714285714324,,,,
38,79,1901,-0.049999999999993605,0.4285714285714284,-1.1722222222222207,0.16666666666666702,,,,
39,109,1901,-0.1722222222222154,0.4285714285714286,-1.1944444444444322,0.1666666666666672,,,,
40,125,1901,-0.1055555555555463,0.4285714285714286,-0.99444444444444,0.16666666666666613,,,,
41,540,1901,-0.5111111111111049,0.16666666666666685,-1.3611111111110965,0.14285714285714324,,,,
42,3,1902,-0.30555555555554825,0.3333333333333334,-0.4111111111111079,0.33333333333333404,,,,
43,65,1902,0.038888888888895856,0.4285714285714286,-0.7277777777777672,0.2857142857142856,,,,
44,79,1902,-0.049999999999993605,0.4285714285714284,-0.6166666666666671,0.333333333333333,,,,
45,109,1902,-0.1722222222222154,0.4285714285714286,-0.6388888888888786,0.3333333333333333,,,,
46,125,1902,-0.1055555555555463,0.4285714285714286,-0.4388888888888829,0.3333333333333333,,,,
47,540,1902,0.044444444444450504,0.3333333333333334,-0.8055555555555394,0.2857142857142865,,,,
48,3,1903,-0.30555555555554825,0.3333333333333334,-0.966666666666665,0.16666666666666702,,,,
49,65,1903,-1.0722222222222157,0.1428571428571428,-1.2833333333333208,0.14285714285714324,,,,
50,79,1903,-0.049999999999993605,0.4285714285714284,-1.1722222222222207,0.16666666666666702,,,,
51,109,1903,-0.7277777777777716,0.2857142857142856,-0.6388888888888786,0.3333333333333333,,,,
52,125,1903,-0.1055555555555463,0.4285714285714286,-0.99444444444444,0.16666666666666613,,,,
53,540,1903,-0.5111111111111049,0.16666666666666685,-0.8055555555555394,0.2857142857142865,,,,
54,3,1904,-0.8611111111111045,0.16666666666666657,-1.5222222222222221,0.0,,,,
55,65,1904,-1.627777777777771,0.0,-1.838888888888878,0.0,,,,
56,79,1904,-1.1611111111111043,0.1428571428571428,-1.7277777777777779,0.0,,,,
57,109,1904,-1.8388888888888824,0.0,-1.7499999999999893,0.0,,,,
58,125,1904,-1.216666666666658,0.1428571428571428,-1.5499999999999936,0.0,,,,
59,540,1904,-1.066666666666661,0.0,-1.3611111111110965,0.14285714285714324,,,,
60,3,1905,-0.30555555555554825,0.3333333333333334,-0.966666666666665,0.16666666666666702,,,,
61,65,1905,-0.5166666666666595,0.2857142857142858,-0.7277777777777672,0.2857142857142856,,,,
62,79,1905,-0.049999999999993605,0.4285714285714284,-1.1722222222222207,0.16666666666666702,,,,
63,109,1905,-0.7277777777777716,0.2857142857142856,-0.6388888888888786,0.3333333333333333,,,,
64,125,1905,-0.1055555555555463,0.4285714285714286,-0.99444444444444,0.16666666666666613,,,,
65,540,1905,-0.5111111111111049,0.16666666666666685,-1.3611111111110965,0.14285714285714324,,,,
66,3,1906,0.2500000000000071,0.5,-0.4111111111111079,0.33333333333333404,,,,
67,65,1906,0.5944444444444512,0.5714285714285714,-0.7277777777777672,0.2857142857142856,,,,
68,79,1906,0.5055555555555626,0.5714285714285714,-0.6166666666666671,0.333333333333333,,,,
69,109,1906,0.38333333333333997,0.5714285714285714,-0.6388888888888786,0.3333333333333333,,,,
70,125,1906,0.45000000000000906,0.5714285714285714,-0.4388888888888829,0.3333333333333333,,,,
71,540,1906,0.6000000000000059,0.5,-0.8055555555555394,0.2857142857142865,,,,
72,3,1907,-0.8611111111111045,0.16666666666666657,-0.966666666666665,0.16666666666666702,,,,
73,65,1907,-0.5166666666666595,0.2857142857142858,-1.2833333333333208,0.14285714285714324,,,,
74,79,1907,-1.1611111111111043,0.1428571428571428,-1.1722222222222207,0.16666666666666702,,,,
75,109,1907,-0.7277777777777716,0.2857142857142856,-1.1944444444444322,0.1666666666666672,,,,
76,125,1907,-0.6611111111111025,0.2857142857142856,-0.99444444444444,0.16666666666666613,,,,
77,540,1907,-1.066666666666661,0.0,-0.8055555555555394,0.2857142857142865,,,,
78,3,1908,0.2500000000000071,0.5,-0.4111111111111079,0.33333333333333404,,,,
79,65,1908,0.038888888888895856,0.4285714285714286,-0.17222222222221006,0.4285714285714288,,,,
80,79,1908,-0.049999999999993605,0.4285714285714284,-0.061111111111110006,0.5,,,,
81,109,1908,-0.1722222222222154,0.4285714285714286,-0.08333333333332149,0.5000000000000006,,,,
82,125,1908,-0.1055555555555463,0.4285714285714286,-0.4388888888888829,0.3333333333333333,,,,
83,540,1908,0.044444444444450504,0.3333333333333334,-0.8055555555555394,0.2857142857142865,,,,
84,3,1909,0.2500000000000071,0.5,-0.4111111111111079,0.33333333333333404,,,,
85,65,1909,0.038888888888895856,0.4285714285714286,-0.17222222222221006,0.4285714285714288,,,,
86,79,1909,-0.049999999999993605,0.4285714285714284,-0.061111111111110006,0.5,,,,
87,109,1909,-0.1722222222222154,0.4285714285714286,-0.08333333333332149,0.5000000000000006,,,,
88,125,1909,-0.1055555555555463,0.4285714285714286,-0.4388888888888829,0.3333333333333333,,,,
89,540,1909,0.044444444444450504,0.3333333333333334,-0.2499999999999858,0.4285714285714288,,,,
90,3,1910,-0.30555555555554825,0.3333333333333334,-0.966666666666665,0.16666666666666702,,,,
91,65,1910,0.038888888888895856,0.4285714285714286,-0.7277777777777672,0.2857142857142856,,,,
92,79,1910,-0.049999999999993605,0.4285714285714284,-0.6166666666666671,0.333333333333333,,,,
93,109,1910,-0.1722222222222154,0.4285714285714286,-0.6388888888888786,0.3333333333333333,,,,
94,125,1910,-0.1055555555555463,0.4285714285714286,-0.99444444444444,0.16666666666666613,,,,
95,540,1910,0.044444444444450504,0.3333333333333334,-0.8055555555555394,0.2857142857142865,,,,
96,3,1911,0.2500000000000071,0.5,0.1444444444444457,0.5,,,,
97,65,1911,0.5944444444444512,0.5714285714285714,0.3833333333333435,0.5714285714285712,,,,
98,79,1911,0.5055555555555626,0.5714285714285714,0.49444444444444713,0.6666666666666671,,,,
99,109,1911,0.38333333333333997,0.5714285714285714,0.4722222222222321,0.6666666666666666,,,,
100,125,1911,0.45000000000000906,0.5714285714285714,0.11666666666667425,0.5000000000000006,,,,
101,540,1911,0.6000000000000059,0.5,0.30555555555557135,0.5714285714285721,,,,
102,3,1912,-0.30555555555554825,0.3333333333333334,-0.966666666666665,0.16666666666666702,,,,
103,65,1912,-0.5166666666666595,0.2857142857142858,-0.7277777777777672,0.2857142857142856,,,,
104,79,1912,-0.605555555555549,0.2857142857142856,-0.6166666666666671,0.333333333333333,,,,
105,109,1912,-0.1722222222222154,0.4285714285714286,-0.6388888888888786,0.3333333333333333,,,,
106,125,1912,-0.1055555555555463,0.4285714285714286,-0.99444444444444,0.16666666666666613,,,,
107,540,1912,-0.5111111111111049,0.16666666666666685,-0.8055555555555394,0.2857142857142865,,,,
108,3,1913,0.8055555555555625,0.6666666666666666,0.1444444444444457,0.5,,,,
109,65,1913,0.5944444444444512,0.5714285714285714,0.3833333333333435,0.5714285714285712,,,,
110,79,1913,0.5055555555555626,0.5714285714285714,0.49444444444444713,0.6666666666666671,,,,
111,109,1913,0.9388888888888953,0.7142857142857142,0.4722222222222321,0.6666666666666666,,,,
112,125,1913,1.0055555555555644,0.7142857142857142,0.11666666666667425,0.5000000000000006,,,,
113,540,1913,0.6000000000000059,0.5,-0.2499999999999858,0.4285714285714288,,,,
114,3,1914,-0.30555555555554825,0.3333333333333334,-0.4111111111111079,0.33333333333333404,,,,
115,65,1914,-0.5166666666666595,0.2857142857142858,-0.17222222222221006,0.4285714285714288,,,,
116,79,1914,-0.605555555555549,0.2857142857142856,-0.6166666666666671,0.333333333333333,,,,
117,109,1914,-0.1722222222222154,0.4285714285714286,-0.6388888888888786,0.3333333333333333,,,,
118,125,1914,-0.1055555555555463,0.4285714285714286,-0.4388888888888829,0.3333333333333333,,,,
119,540,1914,-0.5111111111111049,0.16666666666666685,-0.8055555555555394,0.2857142857142865,,,,
120,3,1915,-0.30555555555554825,0.3333333333333334,-0.4111111111111079,0.33333333333333404,,,,
121,65,1915,0.038888888888895856,0.4285714285714286,-0.7277777777777672,0.2857142857142856,,,,
122,79,1915,-0.049999999999993605,0.4285714285714284,-0.6166666666666671,0.333333333333333,,,,
123,109,1915,-0.1722222222222154,0.4285714285714286,-0.6388888888888786,0.3333333333333333,,,,
124,125,1915,-0.1055555555555463,0.4285714285714286,-0.4388888888888829,0.3333333333333333,,,,
125,540,1915,0.044444444444450504,0.3333333333333334,-0.8055555555555394,0.2857142857142865,,,,
126,3,1916,-0.30555555555554825,0.3333333333333334,-0.4111111111111079,0.33333333333333404,,,,
127,65,1916,0.038888888888895856,0.4285714285714286,-0.17222222222221006,0.4285714285714288,,,,
128,79,1916,-0.049999999999993605,0.4285714285714284,-0.061111111111110006,0.5,,,,
129,109,1916,-0.1722222222222154,0.4285714285714286,-0.08333333333332149,0.5000000000000006,,,,
130,125,1916,-0.1055555555555463,0.4285714285714286,-0.4388888888888829,0.3333333333333333,,,,
131,540,1916,-0.5111111111111049,0.16666666666666685,-0.2499999999999858,0.4285714285714288,,,,
132,3,1917,-1.4166666666666599,0.0,-1.5222222222222221,0.0,,,,
133,65,1917,-1.0722222222222157,0.1428571428571428,-1.838888888888878,0.0,,,,
134,79,1917,-1.1611111111111043,0.1428571428571428,-1.7277777777777779,0.0,,,,
135,109,1917,-0.7277777777777716,0.2857142857142856,-1.7499999999999893,0.0,,,,
136,125,1917,-1.216666666666658,0.1428571428571428,-1.5499999999999936,0.0,,,,
137,540,1917,-1.066666666666661,0.0,-1.9166666666666536,0.0,,,,
138,3,1918,-0.30555555555554825,0.3333333333333334,-0.4111111111111079,0.33333333333333404,,,,
139,65,1918,0.038888888888895856,0.4285714285714286,-0.17222222222221006,0.4285714285714288,,,,
140,79,1918,-0.049999999999993605,0.4285714285714284,-0.061111111111110006,0.5,,,,
141,109,1918,-0.1722222222222154,0.4285714285714286,-0.08333333333332149,0.5000000000000006,,,,
142,125,1918,-0.1055555555555463,0.4285714285714286,-0.4388888888888829,0.3333333333333333,,,,
143,540,1918,-0.5111111111111049,0.16666666666666685,-0.2499999999999858,0.4285714285714288,,,,
144,3,1919,0.2500000000000071,0.5,0.1444444444444457,0.5,,,,
145,65,1919,0.5944444444444512,0.5714285714285714,0.3833333333333435,0.5714285714285712,,,,
146,79,1919,0.5055555555555626,0.5714285714285714,-0.061111111111110006,0.5,,,,
147,109,1919,0.38333333333333997,0.5714285714285714,-0.08333333333332149,0.5000000000000006,,,,
148,125,1919,0.45000000000000906,0.5714285714285714,0.11666666666667425,0.5000000000000006,,,,
149,540,1919,0.044444444444450504,0.3333333333333334,-0.2499999999999858,0.4285714285714288,,,,
150,3,1920,-0.30555555555554825,0.3333333333333334,-0.966666666666665,0.16666666666666702,,,,
151,65,1920,-0.5166666666666595,0.2857142857142858,-1.2833333333333208,0.14285714285714324,,,,
152,79,1920,-0.605555555555549,0.2857142857142856,-1.1722222222222207,0.16666666666666702,,,,
153,109,1920,-0.1722222222222154,0.4285714285714286,-1.1944444444444322,0.1666666666666672,,,,
154,125,1920,-0.6611111111111025,0.2857142857142856,-0.99444444444444,0.16666666666666613,,,,
155,540,1920,-0.5111111111111049,0.16666666666666685,-1.3611111111110965,0.14285714285714324,,,,
156,3,1921,1.3611111111111187,0.8333333333333334,1.2555555555555564,0.8333333333333329,,,,
157,65,1921,1.1500000000000075,0.7142857142857144,1.4944444444444542,0.8571428571428568,,,,
158,79,1921,1.061111111111118,0.7142857142857142,1.6055555555555578,1.0,,,,
159,109,1921,1.4944444444444516,0.8571428571428572,1.5833333333333428,1.0,,,,
160,125,1921,1.0055555555555644,0.7142857142857142,1.227777777777785,0.8333333333333338,,,,
161,540,1921,1.155555555555562,0.6666666666666669,1.416666666666682,0.8571428571428577,,,,
162,3,1922,0.8055555555555625,0.6666666666666666,0.1444444444444457,0.5,,,,
163,65,1922,0.5944444444444512,0.5714285714285714,-0.17222222222221006,0.4285714285714288,,,,
164,79,1922,0.5055555555555626,0.5714285714285714,-0.061111111111110006,0.5,,,,
165,109,1922,0.38333333333333997,0.5714285714285714,-0.08333333333332149,0.5000000000000006,,,,
166,125,1922,1.0055555555555644,0.7142857142857142,0.11666666666667425,0.5000000000000006,,,,
167,540,1922,0.6000000000000059,0.5,-0.2499999999999858,0.4285714285714288,,,,
168,3,1923,0.2500000000000071,0.5,0.1444444444444457,0.5,,,,
169,65,1923,0.038888888888895856,0.4285714285714286,-0.17222222222221006,0.4285714285714288,,,,
170,79,1923,-0.049999999999993605,0.4285714285714284,-0.061111111111110006,0.5,,,,
171,109,1923,-0.1722222222222154,0.4285714285714286,-0.08333333333332149,0.5000000000000006,,,,
172,125,1923,-0.1055555555555463,0.4285714285714286,0.11666666666667425,0.5000000000000006,,,,
173,540,1923,0.044444444444450504,0.3333333333333334,-0.2499999999999858,0.4285714285714288,,,,
174,3,1924,-0.8611111111111045,0.16666666666666657,-1.5222222222222221,0.0,,,,
175,65,1924,-1.0722222222222157,0.1428571428571428,-1.2833333333333208,0.14285714285714324,,,,
176,79,1924,-1.1611111111111043,0.1428571428571428,-1.1722222222222207,0.16666666666666702,,,,
177,109,1924,-0.7277777777777716,0.2857142857142856,-1.1944444444444322,0.1666666666666672,,,,
178,125,1924,-0.6611111111111025,0.2857142857142856,-0.99444444444444,0.16666666666666613,,,,
179,540,1924,-1.066666666666661,0.0,-1.3611111111110965,0.14285714285714324,,,,
180,3,1925,0.2500000000000071,0.5,0.1444444444444457,0.5,,,,
181,65,1925,0.038888888888895856,0.4285714285714286,0.3833333333333435,0.5714285714285712,,,,
182,79,1925,-0.049999999999993605,0.4285714285714284,-0.061111111111110006,0.5,,,,
183,109,1925,0.38333333333333997,0.5714285714285714,-0.08333333333332149,0.5000000000000006,,,,
184,125,1925,-0.1055555555555463,0.4285714285714286,0.11666666666667425,0.5000000000000006,,,,
185,540,1925,0.044444444444450504,0.3333333333333334,0.30555555555557135,0.5714285714285721,,,,
186,3,1926,-0.30555555555554825,0.3333333333333334,-0.966666666666665,0.16666666666666702,,,,
187,65,1926,-0.5166666666666595,0.2857142857142858,-0.7277777777777672,0.2857142857142856,,,,
188,79,1926,-0.605555555555549,0.2857142857142856,-0.6166666666666671,0.333333333333333,,,,
189,109,1926,-0.7277777777777716,0.2857142857142856,-1.1944444444444322,0.1666666666666672,,,,
190,125,1926,-0.1055555555555463,0.4285714285714286,-0.99444444444444,0.16666666666666613,,,,
191,540,1926,-0.5111111111111049,0.16666666666666685,-0.8055555555555394,0.2857142857142865,,,,
192,3,1927,0.2500000000000071,0.5,-0.4111111111111079,0.33333333333333404,,,,
193,65,1927,0.5944444444444512,0.5714285714285714,-0.17222222222221006,0.4285714285714288,,,,
194,79,1927,0.5055555555555626,0.5714285714285714,-0.061111111111110006,0.5,,,,
195,109,1927,0.38333333333333997,0.5714285714285714,-0.08333333333332149,0.5000000000000006,,,,
196,125,1927,0.45000000000000906,0.5714285714285714,-0.4388888888888829,0.3333333333333333,,,,
197,540,1927,0.044444444444450504,0.3333333333333334,-0.2499999999999858,0.4285714285714288,,,,
198,3,1928,-0.30555555555554825,0.3333333333333334,-0.4111111111111079,0.33333333333333404,,,,
199,65,1928,0.038888888888895856,0.4285714285714286,-0.7277777777777672,0.2857142857142856,,,,
200,79,1928,-0.049999999999993605,0.4285714285714284,-0.6166666666666671,0.333333333333333,,,,
201,109,1928,-0.1722222222222154,0.4285714285714286,-0.6388888888888786,0.3333333333333333,,,,
202,125,1928,-0.1055555555555463,0.4285714285714286,-0.99444444444444,0.16666666666666613,,,,
203,540,1928,-0.5111111111111049,0.16666666666666685,-0.8055555555555394,0.2857142857142865,,,,
204,3,1929,-0.30555555555554825,0.3333333333333334,-0.4111111111111079,0.33333333333333404,,,,
205,65,1929,0.038888888888895856,0.4285714285714286,-0.17222222222221006,0.4285714285714288,,,,
206,79,1929,-0.049999999999993605,0.4285714285714284,-0.061111111111110006,0.5,,,,
207,109,1929,-0.1722222222222154,0.4285714285714286,-0.08333333333332149,0.5000000000000006,,,,
208,125,1929,-0.1055555555555463,0.4285714285714286,-0.4388888888888829,0.3333333333333333,,,,
209,540,1929,-0.5111111111111049,0.16666666666666685,-0.2499999999999858,0.4285714285714288,,,,
210,3,1930,0.2500000000000071,0.5,0.7000000000000028,0.6666666666666671,,,,
211,65,1930,0.038888888888895856,0.4285714285714286,0.9388888888889007,0.7142857142857144,,,,
212,79,1930,-0.049999999999993605,0.4285714285714284,1.0500000000000007,0.8333333333333329,,,,
213,109,1930,-0.1722222222222154,0.4285714285714286,1.0277777777777892,0.8333333333333338,,,,
214,125,1930,-0.1055555555555463,0.4285714285714286,0.6722222222222278,0.6666666666666666,,,,
215,540,1930,0.044444444444450504,0.3333333333333334,0.8611111111111249,0.7142857142857144,,,,
216,3,1931,0.8055555555555625,0.6666666666666666,0.7000000000000028,0.6666666666666671,,,,
217,65,1931,0.5944444444444512,0.5714285714285714,0.9388888888889007,0.7142857142857144,,,,
218,79,1931,1.061111111111118,0.7142857142857142,1.0500000000000007,0.8333333333333329,,,,
219,109,1931,0.9388888888888953,0.7142857142857142,1.0277777777777892,0.8333333333333338,,,,
220,125,1931,1.0055555555555644,0.7142857142857142,0.6722222222222278,0.6666666666666666,,,,
221,540,1931,1.155555555555562,0.6666666666666669,0.8611111111111249,0.7142857142857144,,,,
222,3,1932,0.2500000000000071,0.5,0.7000000000000028,0.6666666666666671,,,,
223,65,1932,0.5944444444444512,0.5714285714285714,0.9388888888889007,0.7142857142857144,,,,
224,79,1932,0.5055555555555626,0.5714285714285714,1.0500000000000007,0.8333333333333329,,,,
225,109,1932,0.38333333333333997,0.5714285714285714,1.0277777777777892,0.8333333333333338,,,,
226,125,1932,0.45000000000000906,0.5714285714285714,0.6722222222222278,0.6666666666666666,,,,
227,540,1932,0.6000000000000059,0.5,0.8611111111111249,0.7142857142857144,,,,
228,3,1933,0.8055555555555625,0.6666666666666666,0.7000000000000028,0.6666666666666671,,,,
229,65,1933,0.5944444444444512,0.5714285714285714,0.9388888888889007,0.7142857142857144,,,,
230,79,1933,1.061111111111118,0.7142857142857142,0.49444444444444713,0.6666666666666671,,,,
231,109,1933,0.9388888888888953,0.7142857142857142,0.4722222222222321,0.6666666666666666,,,,
232,125,1933,0.45000000000000906,0.5714285714285714,0.6722222222222278,0.6666666666666666,,,,
233,540,1933,0.6000000000000059,0.5,0.8611111111111249,0.7142857142857144,,,,
234,3,1934,-0.30555555555554825,0.3333333333333334,-0.4111111111111079,0.33333333333333404,,,,
235,65,1934,0.038888888888895856,0.4285714285714286,-0.17222222222221006,0.4285714285714288,,,,
236,79,1934,-0.049999999999993605,0.4285714285714284,-0.061111111111110006,0.5,,,,
237,109,1934,0.38333333333333997,0.5714285714285714,-0.08333333333332149,0.5000000000000006,,,,
238,125,1934,-0.1055555555555463,0.4285714285714286,0.11666666666667425,0.5000000000000006,,,,
239,540,1934,0.044444444444450504,0.3333333333333334,-0.2499999999999858,0.4285714285714288,,,,
240,3,1935,-0.30555555555554825,0.3333333333333334,-0.966666666666665,0.16666666666666702,,,,
241,65,1935,0.038888888888895856,0.4285714285714286,-0.7277777777777672,0.2857142857142856,,,,
242,79,1935,-0.049999999999993605,0.4285714285714284,-0.6166666666666671,0.333333333333333,,,,
243,109,1935,-0.1722222222222154,0.4285714285714286,-0.6388888888888786,0.3333333333333333,,,,
244,125,1935,-0.1055555555555463,0.4285714285714286,-0.4388888888888829,0.3333333333333333,,,,
245,540,1935,0.044444444444450504,0.3333333333333334,-0.8055555555555394,0.2857142857142865,,,,
246,3,1936,-0.30555555555554825,0.3333333333333334,0.1444444444444457,0.5,,,,
247,65,1936,0.038888888888895856,0.4285714285714286,-0.17222222222221006,0.4285714285714288,,,,
248,79,1936,-0.049999999999993605,0.4285714285714284,-0.061111111111110006,0.5,,,,
249,109,1936,-0.1722222222222154,0.4285714285714286,-0.08333333333332149,0.5000000000000006,,,,
250,125,1936,-0.1055555555555463,0.4285714285714286,0.11666666666667425,0.5000000000000006,,,,
251,540,1936,0.044444444444450504,0.3333333333333334,-0.2499999999999858,0.4285714285714288,,,,
252,3,1937,-0.30555555555554825,0.3333333333333334,-0.4111111111111079,0.33333333333333404,,,,
253,65,1937,0.038888888888895856,0.4285714285714286,-0.17222222222221006,0.4285714285714288,,,,
254,79,1937,-0.049999999999993605,0.4285714285714284,-0.6166666666666671,0.333333333333333,,,,
255,109,1937,0.38333333333333997,0.5714285714285714,-0.6388888888888786,0.3333333333333333,,,,
256,125,1937,-0.1055555555555463,0.4285714285714286,-0.4388888888888829,0.3333333333333333,,,,
257,540,1937,0.044444444444450504,0.3333333333333334,-0.2499999999999858,0.4285714285714288,,,,
258,3,1938,0.2500000000000071,0.5,0.7000000000000028,0.6666666666666671,,,,
259,65,1938,0.5944444444444512,0.5714285714285714,0.3833333333333435,0.5714285714285712,,,,
260,79,1938,0.5055555555555626,0.5714285714285714,0.49444444444444713,0.6666666666666671,,,,
261,109,1938,0.9388888888888953,0.7142857142857142,0.4722222222222321,0.6666666666666666,,,,
262,125,1938,0.45000000000000906,0.5714285714285714,0.6722222222222278,0.6666666666666666,,,,
263,540,1938,0.6000000000000059,0.5,0.8611111111111249,0.7142857142857144,,,,
264,3,1939,0.2500000000000071,0.5,0.7000000000000028,0.6666666666666671,,,,
265,65,1939,0.5944444444444512,0.5714285714285714,0.9388888888889007,0.7142857142857144,,,,
266,79,1939,0.5055555555555626,0.5714285714285714,0.49444444444444713,0.6666666666666671,,,,
267,109,1939,0.38333333333333997,0.5714285714285714,1.0277777777777892,0.8333333333333338,,,,
268,125,1939,0.45000000000000906,0.5714285714285714,0.6722222222222278,0.6666666666666666,,,,
269,540,1939,0.6000000000000059,0.5,0.8611111111111249,0.7142857142857144,,,,
270,3,1940,-0.8611111111111045,0.16666666666666657,-1.5222222222222221,0.0,,,,
271,65,1940,-1.0722222222222157,0.1428571428571428,-1.2833333333333208,0.14285714285714324,,,,
272,79,1940,-1.1611111111111043,0.1428571428571428,-1.1722222222222207,0.16666666666666702,,,,
273,109,1940,-0.7277777777777716,0.2857142857142856,-1.1944444444444322,0.1666666666666672,,,,
274,125,1940,-1.216666666666658,0.1428571428571428,-0.99444444444444,0.16666666666666613,,,,
275,540,1940,-1.066666666666661,0.0,-1.3611111111110965,0.14285714285714324,,,,
276,3,1941,0.2500000000000071,0.5,1.2555555555555564,0.8333333333333329,,,,
277,65,1941,0.038888888888895856,0.4285714285714286,0.9388888888889007,0.7142857142857144,,,,
278,79,1941,-0.049999999999993605,0.4285714285714284,1.0500000000000007,0.8333333333333329,,,,
279,109,1941,-0.1722222222222154,0.4285714285714286,1.0277777777777892,0.8333333333333338,,,,
280,125,1941,-0.1055555555555463,0.4285714285714286,1.227777777777785,0.8333333333333338,,,,
281,540,1941,0.044444444444450504,0.3333333333333334,1.416666666666682,0.8571428571428577,,,,
282,3,1942,0.2500000000000071,0.5,0.1444444444444457,0.5,,,,
283,65,1942,0.038888888888895856,0.4285714285714286,0.3833333333333435,0.5714285714285712,,,,
284,79,1942,-0.049999999999993605,0.4285714285714284,-0.061111111111110006,0.5,,,,
285,109,1942,0.38333333333333997,0.5714285714285714,-0.08333333333332149,0.5000000000000006,,,,
286,125,1942,-0.1055555555555463,0.4285714285714286,0.11666666666667425,0.5000000000000006,,,,
287,540,1942,0.044444444444450504,0.3333333333333334,0.30555555555557135,0.5714285714285721,,,,
288,3,1943,-0.30555555555554825,0.3333333333333334,0.7000000000000028,0.6666666666666671,,,,
289,65,1943,-0.5166666666666595,0.2857142857142858,0.9388888888889007,0.7142857142857144,,,,
290,79,1943,-0.605555555555549,0.2857142857142856,0.49444444444444713,0.6666666666666671,,,,
291,109,1943,-0.1722222222222154,0.4285714285714286,1.0277777777777892,0.8333333333333338,,,,
292,125,1943,-0.6611111111111025,0.2857142857142856,0.6722222222222278,0.6666666666666666,,,,
293,540,1943,-0.5111111111111049,0.16666666666666685,0.8611111111111249,0.7142857142857144,,,,
294,3,1944,-0.30555555555554825,0.3333333333333334,0.1444444444444457,0.5,,,,
295,65,1944,0.038888888888895856,0.4285714285714286,0.3833333333333435,0.5714285714285712,,,,
296,79,1944,-0.049999999999993605,0.4285714285714284,-0.061111111111110006,0.5,,,,
297,109,1944,-0.1722222222222154,0.4285714285714286,0.4722222222222321,0.6666666666666666,,,,
298,125,1944,-0.1055555555555463,0.4285714285714286,0.11666666666667425,0.5000000000000006,,,,
299,540,1944,0.044444444444450504,0.3333333333333334,0.30555555555557135,0.5714285714285721,,,,
300,3,1945,0.2500000000000071,0.5,0.1444444444444457,0.5,,,,
301,65,1945,0.5944444444444512,0.5714285714285714,0.3833333333333435,0.5714285714285712,,,,
302,79,1945,-0.049999999999993605,0.4285714285714284,0.49444444444444713,0.6666666666666671,,,,
303,109,1945,0.38333333333333997,0.5714285714285714,0.4722222222222321,0.6666666666666666,,,,
304,125,1945,-0.1055555555555463,0.4285714285714286,0.6722222222222278,0.6666666666666666,,,,
305,540,1945,0.044444444444450504,0.3333333333333334,0.30555555555557135,0.5714285714285721,,,,
306,3,1946,0.2500000000000071,0.5,0.7000000000000028,0.6666666666666671,,,,
307,65,1946,0.5944444444444512,0.5714285714285714,0.9388888888889007,0.7142857142857144,,,,
308,79,1946,0.5055555555555626,0.5714285714285714,1.0500000000000007,0.8333333333333329,,,,
309,109,1946,0.38333333333333997,0.5714285714285714,1.0277777777777892,0.8333333333333338,,,,
310,125,1946,0.45000000000000906,0.5714285714285714,0.6722222222222278,0.6666666666666666,,,,
311,540,1946,0.6000000000000059,0.5,0.8611111111111249,0.7142857142857144,,,,
312,3,1947,-0.30555555555554825,0.3333333333333334,-0.4111111111111079,0.33333333333333404,,,,
313,65,1947,-0.5166666666666595,0.2857142857142858,-0.17222222222221006,0.4285714285714288,,,,
314,79,1947,-0.049999999999993605,0.4285714285714284,-0.061111111111110006,0.5,,,,
315,109,1947,-0.1722222222222154,0.4285714285714286,-0.08333333333332149,0.5000000000000006,,,,
316,125,1947,-0.6611111111111025,0.2857142857142856,-0.4388888888888829,0.3333333333333333,,,,
317,540,1947,-0.5111111111111049,0.16666666666666685,-0.2499999999999858,0.4285714285714288,,,,
318,3,1948,0.2500000000000071,0.5,0.1444444444444457,0.5,,,,
319,65,1948,0.038888888888895856,0.4285714285714286,-0.17222222222221006,0.4285714285714288,,,,
320,79,1948,-0.049999999999993605,0.4285714285714284,-0.061111111111110006,0.5,,,,
321,109,1948,0.38333333333333997,0.5714285714285714,-0.08333333333332149,0.5000000000000006,,,,
322,125,1948,-0.1055555555555463,0.4285714285714286,0.11666666666667425,0.5000000000000006,,,,
323,540,1948,0.044444444444450504,0.3333333333333334,-0.2499999999999858,0.4285714285714288,,,,
324,3,1949,1.3611111111111187,0.8333333333333334,1.2555555555555564,0.8333333333333329,,,,
325,65,1949,1.1500000000000075,0.7142857142857144,0.9388888888889007,0.7142857142857144,,,,
326,79,1949,1.061111111111118,0.7142857142857142,1.0500000000000007,0.8333333333333329,,,,
327,109,1949,0.9388888888888953,0.7142857142857142,1.0277777777777892,0.8333333333333338,,,,
328,125,1949,1.0055555555555644,0.7142857142857142,1.227777777777785,0.8333333333333338,,,,
329,540,1949,1.155555555555562,0.6666666666666669,0.8611111111111249,0.7142857142857144,,,,
330,3,1950,-0.30555555555554825,0.3333333333333334,-0.4111111111111079,0.33333333333333404,,,,
331,65,1950,0.038888888888895856,0.4285714285714286,-0.17222222222221006,0.4285714285714288,,,,
332,79,1950,-0.049999999999993605,0.4285714285714284,-0.061111111111110006,0.5,,,,
333,109,1950,-0.1722222222222154,0.4285714285714286,-0.08333333333332149,0.5000000000000006,,,,
334,125,1950,-0.1055555555555463,0.4285714285714286,-0.4388888888888829,0.3333333333333333,,,,
335,540,1950,0.044444444444450504,0.3333333333333334,-0.2499999999999858,0.4285714285714288,,,,
336,3,1951,-0.30555555555554825,0.3333333333333334,0.7000000000000028,0.6666666666666671,,,,
337,65,1951,0.038888888888895856,0.4285714285714286,0.3833333333333435,0.5714285714285712,,,,
338,79,1951,-0.049999999999993605,0.4285714285714284,0.49444444444444713,0.6666666666666671,,,,
339,109,1951,-0.1722222222222154,0.4285714285714286,0.4722222222222321,0.6666666666666666,,,,
340,125,1951,-0.1055555555555463,0.4285714285714286,0.6722222222222278,0.6666666666666666,,,,
341,540,1951,-0.5111111111111049,0.16666666666666685,0.30555555555557135,0.5714285714285721,,,,
342,3,1952,0.2500000000000071,0.5,0.7000000000000028,0.6666666666666671,,,,
343,65,1952,0.038888888888895856,0.4285714285714286,0.9388888888889007,0.7142857142857144,,,,
344,79,1952,0.5055555555555626,0.5714285714285714,0.49444444444444713,0.6666666666666671,,,,
345,109,1952,0.38333333333333997,0.5714285714285714,0.4722222222222321,0.6666666666666666,,,,
346,125,1952,0.45000000000000906,0.5714285714285714,0.6722222222222278,0.6666666666666666,,,,
347,540,1952,0.044444444444450504,0.3333333333333334,0.8611111111111249,0.7142857142857144,,,,
348,3,1953,0.8055555555555625,0.6666666666666666,1.8111111111111136,1.0,,,,
349,65,1953,0.5944444444444512,0.5714285714285714,2.0500000000000114,1.0,,,,
350,79,1953,0.5055555555555626,0.5714285714285714,1.6055555555555578,1.0,,,,
351,109,1953,0.38333333333333997,0.5714285714285714,1.5833333333333428,1.0,,,,
352,125,1953,0.45000000000000906,0.5714285714285714,1.7833333333333385,1.0,,,,
353,540,1953,0.6000000000000059,0.5,1.9722222222222356,1.0,,,,
354,3,1954,-0.30555555555554825,0.3333333333333334,1.2555555555555564,0.8333333333333329,,,,
355,65,1954,0.038888888888895856,0.4285714285714286,0.9388888888889007,0.7142857142857144,,,,
356,79,1954,-0.049999999999993605,0.4285714285714284,1.0500000000000007,0.8333333333333329,,,,
357,109,1954,-0.1722222222222154,0.4285714285714286,1.0277777777777892,0.8333333333333338,,,,
358,125,1954,-0.1055555555555463,0.4285714285714286,1.227777777777785,0.8333333333333338,,,,
359,540,1954,0.044444444444450504,0.3333333333333334,1.416666666666682,0.8571428571428577,,,,
360,3,1955,-0.30555555555554825,0.3333333333333334,0.7000000000000028,0.6666666666666671,,,,
361,65,1955,0.038888888888895856,0.4285714285714286,0.3833333333333435,0.5714285714285712,,,,
362,79,1955,-0.049999999999993605,0.4285714285714284,0.49444444444444713,0.6666666666666671,,,,
363,109,1955,-0.1722222222222154,0.4285714285714286,0.4722222222222321,0.6666666666666666,,,,
364,125,1955,-0.1055555555555463,0.4285714285714286,0.6722222222222278,0.6666666666666666,,,,
365,540,1955,0.044444444444450504,0.3333333333333334,0.8611111111111249,0.7142857142857144,,,,
366,3,1956,0.2500000000000071,0.5,0.1444444444444457,0.5,,,,
367,65,1956,0.038888888888895856,0.4285714285714286,0.3833333333333435,0.5714285714285712,,,,
368,79,1956,-0.049999999999993605,0.4285714285714284,-0.061111111111110006,0.5,,,,
369,109,1956,0.38333333333333997,0.5714285714285714,0.4722222222222321,0.6666666666666666,,,,
370,125,1956,0.45000000000000906,0.5714285714285714,0.6722222222222278,0.6666666666666666,,,,
371,540,1956,0.044444444444450504,0.3333333333333334,0.30555555555557135,0.5714285714285721,,,,
372,3,1957,0.2500000000000071,0.5,0.1444444444444457,0.5,,,,
373,65,1957,0.5944444444444512,0.5714285714285714,0.3833333333333435,0.5714285714285712,,,,
374,79,1957,0.5055555555555626,0.5714285714285714,0.49444444444444713,0.6666666666666671,,,,
375,109,1957,0.38333333333333997,0.5714285714285714,0.4722222222222321,0.6666666666666666,,,,
376,125,1957,0.45000000000000906,0.5714285714285714,0.11666666666667425,0.5000000000000006,,,,
377,540,1957,0.6000000000000059,0.5,0.30555555555557135,0.5714285714285721,,,,
378,3,1958,-0.8611111111111045,0.16666666666666657,-0.966666666666665,0.16666666666666702,312.43,0.0,317.51,0.04761012183692582
379,65,1958,-1.0722222222222157,0.1428571428571428,-1.2833333333333208,0.14285714285714324,312.43,0.0,317.51,0.04761012183692582
380,79,1958,-0.605555555555549,0.2857142857142856,-1.1722222222222207,0.16666666666666702,312.43,0.0,317.51,0.04761012183692582
381,109,1958,-0.7277777777777716,0.2857142857142856,-1.1944444444444322,0.1666666666666672,312.43,0.0,317.51,0.04761012183692582
382,125,1958,-1.216666666666658,0.1428571428571428,-0.99444444444444,0.16666666666666613,312.43,0.0,317.51,0.04761012183692582
383,540,1958,-1.066666666666661,0.0,-0.8055555555555394,0.2857142857142865,312.43,0.0,317.51,0.04761012183692582
384,3,1959,0.2500000000000071,0.5,0.7000000000000028,0.6666666666666671,313.33,0.008434864104966985,318.29,0.05492033739456433
385,65,1959,0.5944444444444512,0.5714285714285714,0.9388888888889007,0.7142857142857144,313.33,0.008434864104966985,318.29,0.05492033739456433
386,79,1959,0.5055555555555626,0.5714285714285714,1.0500000000000007,0.8333333333333329,313.33,0.008434864104966985,318.29,0.05492033739456433
387,109,1959,0.38333333333333997,0.5714285714285714,1.0277777777777892,0.8333333333333338,313.33,0.008434864104966985,318.29,0.05492033739456433
388,125,1959,0.45000000000000906,0.5714285714285714,0.6722222222222278,0.6666666666666666,313.33,0.008434864104966985,318.29,0.05492033739456433
389,540,1959,0.6000000000000059,0.5,0.8611111111111249,0.7142857142857144,313.33,0.008434864104966985,318.29,0.05492033739456433
390,3,1960,-0.8611111111111045,0.16666666666666657,-0.4111111111111079,0.33333333333333404,313.83,0.013120899718837651,320.04,0.07132146204311167
391,65,1960,-0.5166666666666595,0.2857142857142858,-0.7277777777777672,0.2857142857142856,313.83,0.013120899718837651,320.04,0.07132146204311167
392,79,1960,-0.605555555555549,0.2857142857142856,-0.6166666666666671,0.333333333333333,313.83,0.013120899718837651,320.04,0.07132146204311167
393,109,1960,-0.7277777777777716,0.2857142857142856,-0.6388888888888786,0.3333333333333333,313.83,0.013120899718837651,320.04,0.07132146204311167
394,125,1960,-0.6611111111111025,0.2857142857142856,-0.4388888888888829,0.3333333333333333,313.83,0.013120899718837651,320.04,0.07132146204311167
395,540,1960,-0.5111111111111049,0.16666666666666685,-0.2499999999999858,0.4285714285714288,313.83,0.013120899718837651,320.04,0.07132146204311167
396,3,1961,-0.30555555555554825,0.3333333333333334,-0.4111111111111079,0.33333333333333404,314.99,0.023992502343017832,320.58,0.07638238050609164
397,65,1961,-0.5166666666666595,0.2857142857142858,-0.17222222222221006,0.4285714285714288,314.99,0.023992502343017832,320.58,0.07638238050609164
398,79,1961,-0.049999999999993605,0.4285714285714284,-0.6166666666666671,0.333333333333333,314.99,0.023992502343017832,320.58,0.07638238050609164
399,109,1961,-0.1722222222222154,0.4285714285714286,-0.6388888888888786,0.3333333333333333,314.99,0.023992502343017832,320.58,0.07638238050609164
400,125,1961,-0.1055555555555463,0.4285714285714286,-0.4388888888888829,0.3333333333333333,314.99,0.023992502343017832,320.58,0.07638238050609164
401,540,1961,0.044444444444450504,0.3333333333333334,-0.2499999999999858,0.4285714285714288,314.99,0.023992502343017832,320.58,0.07638238050609164
402,3,1962,-0.8611111111111045,0.16666666666666657,-0.966666666666665,0.16666666666666702,315.42,0.028022492970946666,321.02,0.08050609184629781
403,65,1962,-0.5166666666666595,0.2857142857142858,-0.7277777777777672,0.2857142857142856,315.42,0.028022492970946666,321.02,0.08050609184629781
404,79,1962,-0.605555555555549,0.2857142857142856,-0.6166666666666671,0.333333333333333,315.42,0.028022492970946666,321.02,0.08050609184629781
405,109,1962,-0.7277777777777716,0.2857142857142856,-1.1944444444444322,0.1666666666666672,315.42,0.028022492970946666,321.02,0.08050609184629781
406,125,1962,-0.6611111111111025,0.2857142857142856,-0.99444444444444,0.16666666666666613,315.42,0.028022492970946666,321.02,0.08050609184629781
407,540,1962,-0.5111111111111049,0.16666666666666685,-0.8055555555555394,0.2857142857142865,315.42,0.028022492970946666,321.02,0.08050609184629781
408,3,1963,-1.4166666666666599,0.0,0.1444444444444457,0.5,315.99,0.033364573570759164,322.25,0.09203373945641981
409,65,1963,-1.627777777777771,0.0,0.3833333333333435,0.5714285714285712,315.99,0.033364573570759164,322.25,0.09203373945641981
410,79,1963,-1.7166666666666597,0.0,-0.061111111111110006,0.5,315.99,0.033364573570759164,322.25,0.09203373945641981
411,109,1963,-1.283333333333327,0.1428571428571428,-0.08333333333332149,0.5000000000000006,315.99,0.033364573570759164,322.25,0.09203373945641981
412,125,1963,-1.7722222222222133,0.0,0.11666666666667425,0.5000000000000006,315.99,0.033364573570759164,322.25,0.09203373945641981
413,540,1963,-1.066666666666661,0.0,0.30555555555557135,0.5714285714285721,315.99,0.033364573570759164,322.25,0.09203373945641981
414,3,1964,-0.30555555555554825,0.3333333333333334,0.1444444444444457,0.5,316.7,0.04001874414245531,322.26,0.09212746016869715
415,65,1964,-0.5166666666666595,0.2857142857142858,0.3833333333333435,0.5714285714285712,316.7,0.04001874414245531,322.26,0.09212746016869715
416,79,1964,-0.605555555555549,0.2857142857142856,0.49444444444444713,0.6666666666666671,316.7,0.04001874414245531,322.26,0.09212746016869715
417,109,1964,-0.1722222222222154,0.4285714285714286,0.4722222222222321,0.6666666666666666,316.7,0.04001874414245531,322.26,0.09212746016869715
418,125,1964,-0.1055555555555463,0.4285714285714286,0.11666666666667425,0.5000000000000006,316.7,0.04001874414245531,322.26,0.09212746016869715
419,540,1964,0.044444444444450504,0.3333333333333334,0.30555555555557135,0.5714285714285721,316.7,0.04001874414245531,322.26,0.09212746016869715
420,3,1965,-0.30555555555554825,0.3333333333333334,0.1444444444444457,0.5,317.3,0.04564198687910033,322.17,0.09128397375820066
421,65,1965,-0.5166666666666595,0.2857142857142858,0.3833333333333435,0.5714285714285712,317.3,0.04564198687910033,322.17,0.09128397375820066
422,79,1965,-0.605555555555549,0.2857142857142856,0.49444444444444713,0.6666666666666671,317.3,0.04564198687910033,322.17,0.09128397375820066
423,109,1965,-0.1722222222222154,0.4285714285714286,-0.08333333333332149,0.5000000000000006,317.3,0.04564198687910033,322.17,0.09128397375820066
424,125,1965,-0.1055555555555463,0.4285714285714286,0.11666666666667425,0.5000000000000006,317.3,0.04564198687910033,322.17,0.09128397375820066
425,540,1965,-0.5111111111111049,0.16666666666666685,0.30555555555557135,0.5714285714285721,317.3,0.04564198687910033,322.17,0.09128397375820066
426,3,1966,-0.8611111111111045,0.16666666666666657,-0.4111111111111079,0.33333333333333404,318.1,0.0531396438612935,324.08,0.1091846298031863
427,65,1966,-1.0722222222222157,0.1428571428571428,-0.17222222222221006,0.4285714285714288,318.1,0.0531396438612935,324.08,0.1091846298031863
428,79,1966,-1.1611111111111043,0.1428571428571428,-0.6166666666666671,0.333333333333333,318.1,0.0531396438612935,324.08,0.1091846298031863
429,109,1966,-1.283333333333327,0.1428571428571428,-0.6388888888888786,0.3333333333333333,318.1,0.0531396438612935,324.08,0.1091846298031863
430,125,1966,-0.6611111111111025,0.2857142857142856,-0.4388888888888829,0.3333333333333333,318.1,0.0531396438612935,324.08,0.1091846298031863
431,540,1966,-1.066666666666661,0.0,-0.2499999999999858,0.4285714285714288,318.1,0.0531396438612935,324.08,0.1091846298031863
432,3,1967,-0.8611111111111045,0.16666666666666657,-0.4111111111111079,0.33333333333333404,319.25,0.06391752577319582,325.0,0.11780693533270847
433,65,1967,-1.0722222222222157,0.1428571428571428,-0.7277777777777672,0.2857142857142856,319.25,0.06391752577319582,325.0,0.11780693533270847
434,79,1967,-1.1611111111111043,0.1428571428571428,-0.6166666666666671,0.333333333333333,319.25,0.06391752577319582,325.0,0.11780693533270847
435,109,1967,-1.283333333333327,0.1428571428571428,-0.6388888888888786,0.3333333333333333,319.25,0.06391752577319582,325.0,0.11780693533270847
436,125,1967,-1.216666666666658,0.1428571428571428,-0.4388888888888829,0.3333333333333333,319.25,0.06391752577319582,325.0,0.11780693533270847
437,540,1967,-1.066666666666661,0.0,-0.2499999999999858,0.4285714285714288,319.25,0.06391752577319582,325.0,0.11780693533270847
438,3,1968,-0.8611111111111045,0.16666666666666657,0.1444444444444457,0.5,320.25,0.07328959700093715,325.57,0.12314901593252098
439,65,1968,-0.5166666666666595,0.2857142857142858,-0.17222222222221006,0.4285714285714288,320.25,0.07328959700093715,325.57,0.12314901593252098
440,79,1968,-0.605555555555549,0.2857142857142856,-0.061111111111110006,0.5,320.25,0.07328959700093715,325.57,0.12314901593252098
441,109,1968,-0.7277777777777716,0.2857142857142856,-0.08333333333332149,0.5000000000000006,320.25,0.07328959700093715,325.57,0.12314901593252098
442,125,1968,-0.6611111111111025,0.2857142857142856,-0.4388888888888829,0.3333333333333333,320.25,0.07328959700093715,325.57,0.12314901593252098
443,540,1968,-0.5111111111111049,0.16666666666666685,-0.2499999999999858,0.4285714285714288,320.25,0.07328959700093715,325.57,0.12314901593252098
444,3,1969,-0.30555555555554825,0.3333333333333334,-0.966666666666665,0.16666666666666702,321.78,0.08762886597938113,327.38,0.1401124648547328
445,65,1969,-0.5166666666666595,0.2857142857142858,-0.7277777777777672,0.2857142857142856,321.78,0.08762886597938113,327.38,0.1401124648547328
446,79,1969,-0.605555555555549,0.2857142857142856,-0.6166666666666671,0.333333333333333,321.78,0.08762886597938113,327.38,0.1401124648547328
447,109,1969,-0.7277777777777716,0.2857142857142856,-0.6388888888888786,0.3333333333333333,321.78,0.08762886597938113,327.38,0.1401124648547328
448,125,1969,-0.6611111111111025,0.2857142857142856,-0.99444444444444,0.16666666666666613,321.78,0.08762886597938113,327.38,0.1401124648547328
449,540,1969,-0.5111111111111049,0.16666666666666685,-0.8055555555555394,0.2857142857142865,321.78,0.08762886597938113,327.38,0.1401124648547328
450,3,1970,0.2500000000000071,0.5,0.1444444444444457,0.5,323.06,0.09962511715089031,328.13,0.1471415182755388
451,65,1970,0.038888888888895856,0.4285714285714286,0.3833333333333435,0.5714285714285712,323.06,0.09962511715089031,328.13,0.1471415182755388
452,79,1970,-0.049999999999993605,0.4285714285714284,-0.061111111111110006,0.5,323.06,0.09962511715089031,328.13,0.1471415182755388
453,109,1970,-0.1722222222222154,0.4285714285714286,0.4722222222222321,0.6666666666666666,323.06,0.09962511715089031,328.13,0.1471415182755388
454,125,1970,-0.1055555555555463,0.4285714285714286,0.11666666666667425,0.5000000000000006,323.06,0.09962511715089031,328.13,0.1471415182755388
455,540,1970,0.044444444444450504,0.3333333333333334,0.30555555555557135,0.5714285714285721,323.06,0.09962511715089031,328.13,0.1471415182755388
456,3,1971,0.2500000000000071,0.5,0.1444444444444457,0.5,323.36,0.10243673851921282,328.93,0.15463917525773196
457,65,1971,0.038888888888895856,0.4285714285714286,-0.17222222222221006,0.4285714285714288,323.36,0.10243673851921282,328.93,0.15463917525773196
458,79,1971,-0.049999999999993605,0.4285714285714284,-0.061111111111110006,0.5,323.36,0.10243673851921282,328.93,0.15463917525773196
459,109,1971,0.38333333333333997,0.5714285714285714,-0.08333333333332149,0.5000000000000006,323.36,0.10243673851921282,328.93,0.15463917525773196
460,125,1971,0.45000000000000906,0.5714285714285714,0.11666666666667425,0.5000000000000006,323.36,0.10243673851921282,328.93,0.15463917525773196
461,540,1971,0.044444444444450504,0.3333333333333334,0.30555555555557135,0.5714285714285721,323.36,0.10243673851921282,328.93,0.15463917525773196
462,3,1972,-0.30555555555554825,0.3333333333333334,-0.4111111111111079,0.33333333333333404,324.84,0.11630740393626963,330.07,0.16532333645735697
463,65,1972,0.038888888888895856,0.4285714285714286,-0.7277777777777672,0.2857142857142856,324.84,0.11630740393626963,330.07,0.16532333645735697
464,79,1972,-0.049999999999993605,0.4285714285714284,-0.6166666666666671,0.333333333333333,324.84,0.11630740393626963,330.07,0.16532333645735697
465,109,1972,-0.1722222222222154,0.4285714285714286,-0.6388888888888786,0.3333333333333333,324.84,0.11630740393626963,330.07,0.16532333645735697
466,125,1972,-0.1055555555555463,0.4285714285714286,-0.4388888888888829,0.3333333333333333,324.84,0.11630740393626963,330.07,0.16532333645735697
467,540,1972,-0.5111111111111049,0.16666666666666685,-0.8055555555555394,0.2857142857142865,324.84,0.11630740393626963,330.07,0.16532333645735697
468,3,1973,0.8055555555555625,0.6666666666666666,0.7000000000000028,0.6666666666666671,327.18,0.13823805060918465,332.48,0.18791002811621382
469,65,1973,0.5944444444444512,0.5714285714285714,0.3833333333333435,0.5714285714285712,327.18,0.13823805060918465,332.48,0.18791002811621382
470,79,1973,0.5055555555555626,0.5714285714285714,0.49444444444444713,0.6666666666666671,327.18,0.13823805060918465,332.48,0.18791002811621382
471,109,1973,0.38333333333333997,0.5714285714285714,0.4722222222222321,0.6666666666666666,327.18,0.13823805060918465,332.48,0.18791002811621382
472,125,1973,1.0055555555555644,0.7142857142857142,0.11666666666667425,0.5000000000000006,327.18,0.13823805060918465,332.48,0.18791002811621382
473,540,1973,0.6000000000000059,0.5,0.30555555555557135,0.5714285714285721,327.18,0.13823805060918465,332.48,0.18791002811621382
474,3,1974,0.2500000000000071,0.5,0.7000000000000028,0.6666666666666671,327.28,0.13917525773195846,333.19,0.19456419868790997
475,65,1974,0.038888888888895856,0.4285714285714286,0.3833333333333435,0.5714285714285712,327.28,0.13917525773195846,333.19,0.19456419868790997
476,79,1974,-0.049999999999993605,0.4285714285714284,0.49444444444444713,0.6666666666666671,327.28,0.13917525773195846,333.19,0.19456419868790997
477,109,1974,0.38333333333333997,0.5714285714285714,0.4722222222222321,0.6666666666666666,327.28,0.13917525773195846,333.19,0.19456419868790997
478,125,1974,0.45000000000000906,0.5714285714285714,0.6722222222222278,0.6666666666666666,327.28,0.13917525773195846,333.19,0.19456419868790997
479,540,1974,0.044444444444450504,0.3333333333333334,0.30555555555557135,0.5714285714285721,327.28,0.13917525773195846,333.19,0.19456419868790997
480,3,1975,0.2500000000000071,0.5,0.1444444444444457,0.5,328.36,0.1492970946579195,333.95,0.2016869728209933
481,65,1975,0.5944444444444512,0.5714285714285714,-0.17222222222221006,0.4285714285714288,328.36,0.1492970946579195,333.95,0.2016869728209933
482,79,1975,0.5055555555555626,0.5714285714285714,-0.061111111111110006,0.5,328.36,0.1492970946579195,333.95,0.2016869728209933
483,109,1975,0.38333333333333997,0.5714285714285714,-0.08333333333332149,0.5000000000000006,328.36,0.1492970946579195,333.95,0.2016869728209933
484,125,1975,0.45000000000000906,0.5714285714285714,0.11666666666667425,0.5000000000000006,328.36,0.1492970946579195,333.95,0.2016869728209933
485,540,1975,0.044444444444450504,0.3333333333333334,-0.2499999999999858,0.4285714285714288,328.36,0.1492970946579195,333.95,0.2016869728209933
486,3,1976,-0.8611111111111045,0.16666666666666657,-0.4111111111111079,0.33333333333333404,328.72,0.1526710402999065,334.74,0.20909090909090913
487,65,1976,-1.0722222222222157,0.1428571428571428,-0.17222222222221006,0.4285714285714288,328.72,0.1526710402999065,334.74,0.20909090909090913
488,79,1976,-1.1611111111111043,0.1428571428571428,-0.061111111111110006,0.5,328.72,0.1526710402999065,334.74,0.20909090909090913
489,109,1976,-0.7277777777777716,0.2857142857142856,-0.08333333333332149,0.5000000000000006,328.72,0.1526710402999065,334.74,0.20909090909090913
490,125,1976,-0.6611111111111025,0.2857142857142856,0.11666666666667425,0.5000000000000006,328.72,0.1526710402999065,334.74,0.20909090909090913
491,540,1976,-1.066666666666661,0.0,-0.2499999999999858,0.4285714285714288,328.72,0.1526710402999065,334.74,0.20909090909090913
492,3,1977,-0.30555555555554825,0.3333333333333334,0.1444444444444457,0.5,331.28,0.17666354264292378,336.93,0.22961574507966262
493,65,1977,0.038888888888895856,0.4285714285714286,0.3833333333333435,0.5714285714285712,331.28,0.17666354264292378,336.93,0.22961574507966262
494,79,1977,-0.049999999999993605,0.4285714285714284,-0.061111111111110006,0.5,331.28,0.17666354264292378,336.93,0.22961574507966262
495,109,1977,-0.1722222222222154,0.4285714285714286,0.4722222222222321,0.6666666666666666,331.28,0.17666354264292378,336.93,0.22961574507966262
496,125,1977,-0.1055555555555463,0.4285714285714286,0.11666666666667425,0.5000000000000006,331.28,0.17666354264292378,336.93,0.22961574507966262
497,540,1977,-0.5111111111111049,0.16666666666666685,0.30555555555557135,0.5714285714285721,331.28,0.17666354264292378,336.93,0.22961574507966262
498,3,1978,-0.8611111111111045,0.16666666666666657,-0.966666666666665,0.16666666666666702,332.36,0.1867853795688848,338.02,0.23983130271790046
499,65,1978,-0.5166666666666595,0.2857142857142858,-0.7277777777777672,0.2857142857142856,332.36,0.1867853795688848,338.02,0.23983130271790046
500,79,1978,-0.605555555555549,0.2857142857142856,-0.6166666666666671,0.333333333333333,332.36,0.1867853795688848,338.02,0.23983130271790046
501,109,1978,-0.7277777777777716,0.2857142857142856,-0.6388888888888786,0.3333333333333333,332.36,0.1867853795688848,338.02,0.23983130271790046
502,125,1978,-0.6611111111111025,0.2857142857142856,-0.4388888888888829,0.3333333333333333,332.36,0.1867853795688848,338.02,0.23983130271790046
503,540,1978,-0.5111111111111049,0.16666666666666685,-0.8055555555555394,0.2857142857142865,332.36,0.1867853795688848,338.02,0.23983130271790046
504,3,1979,-0.30555555555554825,0.3333333333333334,-0.966666666666665,0.16666666666666702,333.97,0.20187441424554847,339.26,0.2514526710402998
505,65,1979,-0.5166666666666595,0.2857142857142858,-0.7277777777777672,0.2857142857142856,333.97,0.20187441424554847,339.26,0.2514526710402998
506,79,1979,-0.049999999999993605,0.4285714285714284,-0.6166666666666671,0.333333333333333,333.97,0.20187441424554847,339.26,0.2514526710402998
507,109,1979,-0.1722222222222154,0.4285714285714286,-0.6388888888888786,0.3333333333333333,333.97,0.20187441424554847,339.26,0.2514526710402998
508,125,1979,-0.1055555555555463,0.4285714285714286,-0.99444444444444,0.16666666666666613,333.97,0.20187441424554847,339.26,0.2514526710402998
509,540,1979,-0.5111111111111049,0.16666666666666685,-0.8055555555555394,0.2857142857142865,333.97,0.20187441424554847,339.26,0.2514526710402998
510,3,1980,-0.30555555555554825,0.3333333333333334,0.1444444444444457,0.5,336.14,0.22221180880974678,341.45,0.27197750702905327
511,65,1980,-0.5166666666666595,0.2857142857142858,-0.17222222222221006,0.4285714285714288,336.14,0.22221180880974678,341.45,0.27197750702905327
512,79,1980,-0.049999999999993605,0.4285714285714284,-0.061111111111110006,0.5,336.14,0.22221180880974678,341.45,0.27197750702905327
513,109,1980,-0.1722222222222154,0.4285714285714286,-0.08333333333332149,0.5000000000000006,336.14,0.22221180880974678,341.45,0.27197750702905327
514,125,1980,-0.1055555555555463,0.4285714285714286,0.11666666666667425,0.5000000000000006,336.14,0.22221180880974678,341.45,0.27197750702905327
515,540,1980,0.044444444444450504,0.3333333333333334,-0.2499999999999858,0.4285714285714288,336.14,0.22221180880974678,341.45,0.27197750702905327
516,3,1981,-0.30555555555554825,0.3333333333333334,-0.4111111111111079,0.33333333333333404,336.95,0.2298031865042173,343.04,0.2868791002811623
517,65,1981,-0.5166666666666595,0.2857142857142858,-0.17222222222221006,0.4285714285714288,336.95,0.2298031865042173,343.04,0.2868791002811623
518,79,1981,-0.605555555555549,0.2857142857142856,-0.6166666666666671,0.333333333333333,336.95,0.2298031865042173,343.04,0.2868791002811623
519,109,1981,-0.7277777777777716,0.2857142857142856,-0.08333333333332149,0.5000000000000006,336.95,0.2298031865042173,343.04,0.2868791002811623
520,125,1981,-0.6611111111111025,0.2857142857142856,-0.4388888888888829,0.3333333333333333,336.95,0.2298031865042173,343.04,0.2868791002811623
521,540,1981,-0.5111111111111049,0.16666666666666685,-0.2499999999999858,0.4285714285714288,336.95,0.2298031865042173,343.04,0.2868791002811623
522,3,1982,0.2500000000000071,0.5,-0.4111111111111079,0.33333333333333404,338.38,0.24320524835988747,344.77,0.30309278350515445
523,65,1982,0.038888888888895856,0.4285714285714286,-0.17222222222221006,0.4285714285714288,338.38,0.24320524835988747,344.77,0.30309278350515445
524,79,1982,-0.049999999999993605,0.4285714285714284,-0.061111111111110006,0.5,338.38,0.24320524835988747,344.77,0.30309278350515445
525,109,1982,0.38333333333333997,0.5714285714285714,-0.08333333333332149,0.5000000000000006,338.38,0.24320524835988747,344.77,0.30309278350515445
526,125,1982,-0.1055555555555463,0.4285714285714286,-0.4388888888888829,0.3333333333333333,338.38,0.24320524835988747,344.77,0.30309278350515445
527,540,1982,0.044444444444450504,0.3333333333333334,-0.2499999999999858,0.4285714285714288,338.38,0.24320524835988747,344.77,0.30309278350515445
528,3,1983,-0.30555555555554825,0.3333333333333334,0.1444444444444457,0.5,340.46,0.26269915651358927,346.14,0.3159325210871601
529,65,1983,0.038888888888895856,0.4285714285714286,-0.17222222222221006,0.4285714285714288,340.46,0.26269915651358927,346.14,0.3159325210871601
530,79,1983,-0.049999999999993605,0.4285714285714284,-0.061111111111110006,0.5,340.46,0.26269915651358927,346.14,0.3159325210871601
531,109,1983,0.38333333333333997,0.5714285714285714,-0.08333333333332149,0.5000000000000006,340.46,0.26269915651358927,346.14,0.3159325210871601
532,125,1983,-0.1055555555555463,0.4285714285714286,0.11666666666667425,0.5000000000000006,340.46,0.26269915651358927,346.14,0.3159325210871601
533,540,1983,0.044444444444450504,0.3333333333333334,-0.2499999999999858,0.4285714285714288,340.46,0.26269915651358927,346.14,0.3159325210871601
534,3,1984,0.2500000000000071,0.5,0.1444444444444457,0.5,341.59,0.2732895970009369,347.78,0.33130271790065574
535,65,1984,0.038888888888895856,0.4285714285714286,0.3833333333333435,0.5714285714285712,341.59,0.2732895970009369,347.78,0.33130271790065574
536,79,1984,0.5055555555555626,0.5714285714285714,-0.061111111111110006,0.5,341.59,0.2732895970009369,347.78,0.33130271790065574
537,109,1984,0.38333333333333997,0.5714285714285714,-0.08333333333332149,0.5000000000000006,341.59,0.2732895970009369,347.78,0.33130271790065574
538,125,1984,0.45000000000000906,0.5714285714285714,0.11666666666667425,0.5000000000000006,341.59,0.2732895970009369,347.78,0.33130271790065574
539,540,1984,0.6000000000000059,0.5,0.30555555555557135,0.5714285714285721,341.59,0.2732895970009369,347.78,0.33130271790065574
540,3,1985,0.8055555555555625,0.6666666666666666,0.7000000000000028,0.6666666666666671,343.35,0.28978444236176215,349.28,0.34536082474226776
541,65,1985,0.5944444444444512,0.5714285714285714,0.3833333333333435,0.5714285714285712,343.35,0.28978444236176215,349.28,0.34536082474226776
542,79,1985,0.5055555555555626,0.5714285714285714,0.49444444444444713,0.6666666666666671,343.35,0.28978444236176215,349.28,0.34536082474226776
543,109,1985,0.9388888888888953,0.7142857142857142,0.4722222222222321,0.6666666666666666,343.35,0.28978444236176215,349.28,0.34536082474226776
544,125,1985,0.45000000000000906,0.5714285714285714,0.11666666666667425,0.5000000000000006,343.35,0.28978444236176215,349.28,0.34536082474226776
545,540,1985,0.6000000000000059,0.5,0.30555555555557135,0.5714285714285721,343.35,0.28978444236176215,349.28,0.34536082474226776
546,3,1986,0.8055555555555625,0.6666666666666666,0.7000000000000028,0.6666666666666671,344.82,0.3035613870665416,350.52,0.3569821930646671
547,65,1986,0.5944444444444512,0.5714285714285714,0.3833333333333435,0.5714285714285712,344.82,0.3035613870665416,350.52,0.3569821930646671
548,79,1986,0.5055555555555626,0.5714285714285714,0.49444444444444713,0.6666666666666671,344.82,0.3035613870665416,350.52,0.3569821930646671
549,109,1986,0.38333333333333997,0.5714285714285714,0.4722222222222321,0.6666666666666666,344.82,0.3035613870665416,350.52,0.3569821930646671
550,125,1986,0.45000000000000906,0.5714285714285714,0.6722222222222278,0.6666666666666666,344.82,0.3035613870665416,350.52,0.3569821930646671
551,540,1986,0.6000000000000059,0.5,0.30555555555557135,0.5714285714285721,344.82,0.3035613870665416,350.52,0.3569821930646671
552,3,1987,0.2500000000000071,0.5,0.7000000000000028,0.6666666666666671,346.66,0.32080599812558597,352.15,0.3722586691658854
553,65,1987,0.038888888888895856,0.4285714285714286,0.3833333333333435,0.5714285714285712,346.66,0.32080599812558597,352.15,0.3722586691658854
554,79,1987,0.5055555555555626,0.5714285714285714,0.49444444444444713,0.6666666666666671,346.66,0.32080599812558597,352.15,0.3722586691658854
555,109,1987,0.38333333333333997,0.5714285714285714,0.4722222222222321,0.6666666666666666,346.66,0.32080599812558597,352.15,0.3722586691658854
556,125,1987,0.45000000000000906,0.5714285714285714,0.6722222222222278,0.6666666666666666,346.66,0.32080599812558597,352.15,0.3722586691658854
557,540,1987,0.6000000000000059,0.5,0.30555555555557135,0.5714285714285721,346.66,0.32080599812558597,352.15,0.3722586691658854
558,3,1988,-0.8611111111111045,0.16666666666666657,0.1444444444444457,0.5,348.97,0.3424554826616685,354.35,0.39287722586691676
559,65,1988,-0.5166666666666595,0.2857142857142858,-0.17222222222221006,0.4285714285714288,348.97,0.3424554826616685,354.35,0.39287722586691676
560,79,1988,-0.605555555555549,0.2857142857142856,0.49444444444444713,0.6666666666666671,348.97,0.3424554826616685,354.35,0.39287722586691676
561,109,1988,-0.7277777777777716,0.2857142857142856,-0.08333333333332149,0.5000000000000006,348.97,0.3424554826616685,354.35,0.39287722586691676
562,125,1988,-0.6611111111111025,0.2857142857142856,0.11666666666667425,0.5000000000000006,348.97,0.3424554826616685,354.35,0.39287722586691676
563,540,1988,-0.5111111111111049,0.16666666666666685,0.30555555555557135,0.5714285714285721,348.97,0.3424554826616685,354.35,0.39287722586691676
564,3,1989,0.2500000000000071,0.5,-0.4111111111111079,0.33333333333333404,350.09,0.35295220243673825,355.95,0.4078725398313026
565,65,1989,0.038888888888895856,0.4285714285714286,-0.17222222222221006,0.4285714285714288,350.09,0.35295220243673825,355.95,0.4078725398313026
566,79,1989,-0.049999999999993605,0.4285714285714284,-0.6166666666666671,0.333333333333333,350.09,0.35295220243673825,355.95,0.4078725398313026
567,109,1989,-0.1722222222222154,0.4285714285714286,-0.6388888888888786,0.3333333333333333,350.09,0.35295220243673825,355.95,0.4078725398313026
568,125,1989,-0.1055555555555463,0.4285714285714286,-0.4388888888888829,0.3333333333333333,350.09,0.35295220243673825,355.95,0.4078725398313026
569,540,1989,0.044444444444450504,0.3333333333333334,-0.2499999999999858,0.4285714285714288,350.09,0.35295220243673825,355.95,0.4078725398313026
570,3,1990,1.3611111111111187,0.8333333333333334,1.8111111111111136,1.0,351.38,0.36504217432052477,357.38,0.4212746016869728
571,65,1990,1.1500000000000075,0.7142857142857144,1.4944444444444542,0.8571428571428568,351.38,0.36504217432052477,357.38,0.4212746016869728
572,79,1990,1.6166666666666734,0.857142857142857,1.6055555555555578,1.0,351.38,0.36504217432052477,357.38,0.4212746016869728
573,109,1990,1.4944444444444516,0.8571428571428572,1.5833333333333428,1.0,351.38,0.36504217432052477,357.38,0.4212746016869728
574,125,1990,1.0055555555555644,0.7142857142857142,1.7833333333333385,1.0,351.38,0.36504217432052477,357.38,0.4212746016869728
575,540,1990,1.155555555555562,0.6666666666666669,1.9722222222222356,1.0,351.38,0.36504217432052477,357.38,0.4212746016869728
576,3,1991,1.3611111111111187,0.8333333333333334,1.8111111111111136,1.0,352.34,0.3740393626991563,359.23,0.43861293345829444
577,65,1991,1.1500000000000075,0.7142857142857144,1.4944444444444542,0.8571428571428568,352.34,0.3740393626991563,359.23,0.43861293345829444
578,79,1991,1.061111111111118,0.7142857142857142,1.6055555555555578,1.0,352.34,0.3740393626991563,359.23,0.43861293345829444
579,109,1991,0.9388888888888953,0.7142857142857142,1.5833333333333428,1.0,352.34,0.3740393626991563,359.23,0.43861293345829444
580,125,1991,1.0055555555555644,0.7142857142857142,1.7833333333333385,1.0,352.34,0.3740393626991563,359.23,0.43861293345829444
581,540,1991,1.155555555555562,0.6666666666666669,1.416666666666682,0.8571428571428577,352.34,0.3740393626991563,359.23,0.43861293345829444
582,3,1992,0.2500000000000071,0.5,-0.4111111111111079,0.33333333333333404,353.01,0.3803186504217431,359.71,0.4431115276476099
583,65,1992,0.038888888888895856,0.4285714285714286,-0.7277777777777672,0.2857142857142856,353.01,0.3803186504217431,359.71,0.4431115276476099
584,79,1992,0.5055555555555626,0.5714285714285714,-0.6166666666666671,0.333333333333333,353.01,0.3803186504217431,359.71,0.4431115276476099
585,109,1992,-0.1722222222222154,0.4285714285714286,-0.6388888888888786,0.3333333333333333,353.01,0.3803186504217431,359.71,0.4431115276476099
586,125,1992,0.45000000000000906,0.5714285714285714,-0.4388888888888829,0.3333333333333333,353.01,0.3803186504217431,359.71,0.4431115276476099
587,540,1992,0.6000000000000059,0.5,-0.8055555555555394,0.2857142857142865,353.01,0.3803186504217431,359.71,0.4431115276476099
588,3,1993,0.2500000000000071,0.5,0.1444444444444457,0.5,354.14,0.39090909090909076,360.3,0.4486410496719776
589,65,1993,0.038888888888895856,0.4285714285714286,-0.17222222222221006,0.4285714285714288,354.14,0.39090909090909076,360.3,0.4486410496719776
590,79,1993,0.5055555555555626,0.5714285714285714,-0.061111111111110006,0.5,354.14,0.39090909090909076,360.3,0.4486410496719776
591,109,1993,-0.1722222222222154,0.4285714285714286,-0.08333333333332149,0.5000000000000006,354.14,0.39090909090909076,360.3,0.4486410496719776
592,125,1993,0.45000000000000906,0.5714285714285714,0.11666666666667425,0.5000000000000006,354.14,0.39090909090909076,360.3,0.4486410496719776
593,540,1993,0.6000000000000059,0.5,0.30555555555557135,0.5714285714285721,354.14,0.39090909090909076,360.3,0.4486410496719776
594,3,1994,0.2500000000000071,0.5,0.7000000000000028,0.6666666666666671,355.86,0.4070290534208061,361.78,0.4625117150890344
595,65,1994,0.038888888888895856,0.4285714285714286,0.3833333333333435,0.5714285714285712,355.86,0.4070290534208061,361.78,0.4625117150890344
596,79,1994,0.5055555555555626,0.5714285714285714,0.49444444444444713,0.6666666666666671,355.86,0.4070290534208061,361.78,0.4625117150890344
597,109,1994,0.38333333333333997,0.5714285714285714,0.4722222222222321,0.6666666666666666,355.86,0.4070290534208061,361.78,0.4625117150890344
598,125,1994,0.45000000000000906,0.5714285714285714,0.6722222222222278,0.6666666666666666,355.86,0.4070290534208061,361.78,0.4625117150890344
599,540,1994,0.6000000000000059,0.5,0.8611111111111249,0.7142857142857144,355.86,0.4070290534208061,361.78,0.4625117150890344
600,3,1995,0.2500000000000071,0.5,0.1444444444444457,0.5,358.14,0.4283973758200561,363.83,0.4817244611059042
601,65,1995,0.5944444444444512,0.5714285714285714,-0.17222222222221006,0.4285714285714288,358.14,0.4283973758200561,363.83,0.4817244611059042
602,79,1995,0.5055555555555626,0.5714285714285714,-0.061111111111110006,0.5,358.14,0.4283973758200561,363.83,0.4817244611059042
603,109,1995,0.38333333333333997,0.5714285714285714,-0.08333333333332149,0.5000000000000006,358.14,0.4283973758200561,363.83,0.4817244611059042
604,125,1995,-0.1055555555555463,0.4285714285714286,0.11666666666667425,0.5000000000000006,358.14,0.4283973758200561,363.83,0.4817244611059042
605,540,1995,0.6000000000000059,0.5,0.30555555555557135,0.5714285714285721,358.14,0.4283973758200561,363.83,0.4817244611059042
606,3,1996,0.2500000000000071,0.5,-0.4111111111111079,0.33333333333333404,359.69,0.44292408622305524,365.25,0.4950328022492971
607,65,1996,0.038888888888895856,0.4285714285714286,-0.7277777777777672,0.2857142857142856,359.69,0.44292408622305524,365.25,0.4950328022492971
608,79,1996,-0.049999999999993605,0.4285714285714284,-0.6166666666666671,0.333333333333333,359.69,0.44292408622305524,365.25,0.4950328022492971
609,109,1996,-0.1722222222222154,0.4285714285714286,-0.6388888888888786,0.3333333333333333,359.69,0.44292408622305524,365.25,0.4950328022492971
610,125,1996,-0.1055555555555463,0.4285714285714286,-0.4388888888888829,0.3333333333333333,359.69,0.44292408622305524,365.25,0.4950328022492971
611,540,1996,0.044444444444450504,0.3333333333333334,-0.2499999999999858,0.4285714285714288,359.69,0.44292408622305524,365.25,0.4950328022492971
612,3,1997,0.2500000000000071,0.5,0.1444444444444457,0.5,360.44,0.44995313964386124,366.77,0.5092783505154638
613,65,1997,0.038888888888895856,0.4285714285714286,-0.17222222222221006,0.4285714285714288,360.44,0.44995313964386124,366.77,0.5092783505154638
614,79,1997,-0.049999999999993605,0.4285714285714284,-0.061111111111110006,0.5,360.44,0.44995313964386124,366.77,0.5092783505154638
615,109,1997,-0.1722222222222154,0.4285714285714286,-0.08333333333332149,0.5000000000000006,360.44,0.44995313964386124,366.77,0.5092783505154638
616,125,1997,-0.1055555555555463,0.4285714285714286,0.11666666666667425,0.5000000000000006,360.44,0.44995313964386124,366.77,0.5092783505154638
617,540,1997,0.044444444444450504,0.3333333333333334,0.30555555555557135,0.5714285714285721,360.44,0.44995313964386124,366.77,0.5092783505154638
618,3,1998,1.916666666666674,1.0,1.8111111111111136,1.0,364.16,0.48481724461105924,369.56,0.5354264292408623
619,65,1998,1.7055555555555628,0.8571428571428572,1.4944444444444542,0.8571428571428568,364.16,0.48481724461105924,369.56,0.5354264292408623
620,79,1998,1.6166666666666734,0.857142857142857,1.6055555555555578,1.0,364.16,0.48481724461105924,369.56,0.5354264292408623
621,109,1998,1.4944444444444516,0.8571428571428572,1.5833333333333428,1.0,364.16,0.48481724461105924,369.56,0.5354264292408623
622,125,1998,1.5611111111111207,0.8571428571428572,1.7833333333333385,1.0,364.16,0.48481724461105924,369.56,0.5354264292408623
623,540,1998,1.7111111111111175,0.8333333333333334,1.9722222222222356,1.0,364.16,0.48481724461105924,369.56,0.5354264292408623
624,3,1999,0.8055555555555625,0.6666666666666666,1.2555555555555564,0.8333333333333329,364.95,0.49222118088097455,371.15,0.5503280224929707
625,65,1999,0.5944444444444512,0.5714285714285714,1.4944444444444542,0.8571428571428568,364.95,0.49222118088097455,371.15,0.5503280224929707
626,79,1999,0.5055555555555626,0.5714285714285714,1.6055555555555578,1.0,364.95,0.49222118088097455,371.15,0.5503280224929707
627,109,1999,0.38333333333333997,0.5714285714285714,1.0277777777777892,0.8333333333333338,364.95,0.49222118088097455,371.15,0.5503280224929707
628,125,1999,0.45000000000000906,0.5714285714285714,1.227777777777785,0.8333333333333338,364.95,0.49222118088097455,371.15,0.5503280224929707
629,540,1999,0.6000000000000059,0.5,1.416666666666682,0.8571428571428577,364.95,0.49222118088097455,371.15,0.5503280224929707
630,3,2000,0.2500000000000071,0.5,0.1444444444444457,0.5,367.15,0.5128397375820054,371.98,0.5581068416119964
631,65,2000,0.038888888888895856,0.4285714285714286,0.3833333333333435,0.5714285714285712,367.15,0.5128397375820054,371.98,0.5581068416119964
632,79,2000,0.5055555555555626,0.5714285714285714,0.49444444444444713,0.6666666666666671,367.15,0.5128397375820054,371.98,0.5581068416119964
633,109,2000,-0.1722222222222154,0.4285714285714286,-0.08333333333332149,0.5000000000000006,367.15,0.5128397375820054,371.98,0.5581068416119964
634,125,2000,-0.1055555555555463,0.4285714285714286,0.11666666666667425,0.5000000000000006,367.15,0.5128397375820054,371.98,0.5581068416119964
635,540,2000,0.044444444444450504,0.3333333333333334,0.30555555555557135,0.5714285714285721,367.15,0.5128397375820054,371.98,0.5581068416119964
636,3,2001,0.2500000000000071,0.5,1.2555555555555564,0.8333333333333329,368.34,0.5239925023430175,374.03,0.5773195876288657
637,65,2001,0.038888888888895856,0.4285714285714286,0.9388888888889007,0.7142857142857144,368.34,0.5239925023430175,374.03,0.5773195876288657
638,79,2001,0.5055555555555626,0.5714285714285714,1.0500000000000007,0.8333333333333329,368.34,0.5239925023430175,374.03,0.5773195876288657
639,109,2001,0.38333333333333997,0.5714285714285714,1.0277777777777892,0.8333333333333338,368.34,0.5239925023430175,374.03,0.5773195876288657
640,125,2001,0.45000000000000906,0.5714285714285714,1.227777777777785,0.8333333333333338,368.34,0.5239925023430175,374.03,0.5773195876288657
641,540,2001,0.6000000000000059,0.5,1.416666666666682,0.8571428571428577,368.34,0.5239925023430175,374.03,0.5773195876288657
642,3,2002,0.8055555555555625,0.6666666666666666,1.2555555555555564,0.8333333333333329,370.73,0.5463917525773198,375.93,0.5951265229615745
643,65,2002,0.5944444444444512,0.5714285714285714,0.9388888888889007,0.7142857142857144,370.73,0.5463917525773198,375.93,0.5951265229615745
644,79,2002,1.061111111111118,0.7142857142857142,1.0500000000000007,0.8333333333333329,370.73,0.5463917525773198,375.93,0.5951265229615745
645,109,2002,0.9388888888888953,0.7142857142857142,1.0277777777777892,0.8333333333333338,370.73,0.5463917525773198,375.93,0.5951265229615745
646,125,2002,1.0055555555555644,0.7142857142857142,1.227777777777785,0.8333333333333338,370.73,0.5463917525773198,375.93,0.5951265229615745
647,540,2002,1.155555555555562,0.6666666666666669,1.416666666666682,0.8571428571428577,370.73,0.5463917525773198,375.93,0.5951265229615745
648,3,2003,0.8055555555555625,0.6666666666666666,-0.4111111111111079,0.33333333333333404,373.31,0.5705716963448922,378.78,0.621836925960637
649,65,2003,0.5944444444444512,0.5714285714285714,-0.7277777777777672,0.2857142857142856,373.31,0.5705716963448922,378.78,0.621836925960637
650,79,2003,0.5055555555555626,0.5714285714285714,-0.6166666666666671,0.333333333333333,373.31,0.5705716963448922,378.78,0.621836925960637
651,109,2003,0.38333333333333997,0.5714285714285714,-0.6388888888888786,0.3333333333333333,373.31,0.5705716963448922,378.78,0.621836925960637
652,125,2003,0.45000000000000906,0.5714285714285714,-0.4388888888888829,0.3333333333333333,373.31,0.5705716963448922,378.78,0.621836925960637
653,540,2003,0.6000000000000059,0.5,-0.2499999999999858,0.4285714285714288,373.31,0.5705716963448922,378.78,0.621836925960637
654,3,2004,1.3611111111111187,0.8333333333333334,0.7000000000000028,0.6666666666666671,374.43,0.5810684161199626,380.8,0.6407685098406749
655,65,2004,1.1500000000000075,0.7142857142857144,0.3833333333333435,0.5714285714285712,374.43,0.5810684161199626,380.8,0.6407685098406749
656,79,2004,1.061111111111118,0.7142857142857142,0.49444444444444713,0.6666666666666671,374.43,0.5810684161199626,380.8,0.6407685098406749
657,109,2004,0.9388888888888953,0.7142857142857142,-0.08333333333332149,0.5000000000000006,374.43,0.5810684161199626,380.8,0.6407685098406749
658,125,2004,1.0055555555555644,0.7142857142857142,0.11666666666667425,0.5000000000000006,374.43,0.5810684161199626,380.8,0.6407685098406749
659,540,2004,1.155555555555562,0.6666666666666669,0.30555555555557135,0.5714285714285721,374.43,0.5810684161199626,380.8,0.6407685098406749
660,3,2005,0.8055555555555625,0.6666666666666666,0.7000000000000028,0.6666666666666671,376.89,0.604123711340206,382.64,0.6580131208997188
661,65,2005,0.5944444444444512,0.5714285714285714,0.3833333333333435,0.5714285714285712,376.89,0.604123711340206,382.64,0.6580131208997188
662,79,2005,1.061111111111118,0.7142857142857142,0.49444444444444713,0.6666666666666671,376.89,0.604123711340206,382.64,0.6580131208997188
663,109,2005,0.9388888888888953,0.7142857142857142,0.4722222222222321,0.6666666666666666,376.89,0.604123711340206,382.64,0.6580131208997188
664,125,2005,1.0055555555555644,0.7142857142857142,0.6722222222222278,0.6666666666666666,376.89,0.604123711340206,382.64,0.6580131208997188
665,540,2005,1.155555555555562,0.6666666666666669,0.8611111111111249,0.7142857142857144,376.89,0.604123711340206,382.64,0.6580131208997188
666,3,2006,1.3611111111111187,0.8333333333333334,1.2555555555555564,0.8333333333333329,379.04,0.6242736644798502,385.22,0.6821930646672917
667,65,2006,0.5944444444444512,0.5714285714285714,1.4944444444444542,0.8571428571428568,379.04,0.6242736644798502,385.22,0.6821930646672917
668,79,2006,1.061111111111118,0.7142857142857142,1.6055555555555578,1.0,379.04,0.6242736644798502,385.22,0.6821930646672917
669,109,2006,0.9388888888888953,0.7142857142857142,1.0277777777777892,0.8333333333333338,379.04,0.6242736644798502,385.22,0.6821930646672917
670,125,2006,1.0055555555555644,0.7142857142857142,1.227777777777785,0.8333333333333338,379.04,0.6242736644798502,385.22,0.6821930646672917
671,540,2006,1.155555555555562,0.6666666666666669,1.416666666666682,0.8571428571428577,379.04,0.6242736644798502,385.22,0.6821930646672917
672,3,2007,0.8055555555555625,0.6666666666666666,1.2555555555555564,0.8333333333333329,381.2,0.6445173383317713,386.78,0.6968134957825677
673,65,2007,1.1500000000000075,0.7142857142857144,0.9388888888889007,0.7142857142857144,381.2,0.6445173383317713,386.78,0.6968134957825677
674,79,2007,1.061111111111118,0.7142857142857142,1.0500000000000007,0.8333333333333329,381.2,0.6445173383317713,386.78,0.6968134957825677
675,109,2007,0.9388888888888953,0.7142857142857142,1.0277777777777892,0.8333333333333338,381.2,0.6445173383317713,386.78,0.6968134957825677
676,125,2007,1.0055555555555644,0.7142857142857142,1.227777777777785,0.8333333333333338,381.2,0.6445173383317713,386.78,0.6968134957825677
677,540,2007,1.155555555555562,0.6666666666666669,1.416666666666682,0.8571428571428577,381.2,0.6445173383317713,386.78,0.6968134957825677
678,3,2008,0.8055555555555625,0.6666666666666666,0.7000000000000028,0.6666666666666671,383.21,0.6633552014995312,388.78,0.7155576382380504
679,65,2008,0.5944444444444512,0.5714285714285714,0.3833333333333435,0.5714285714285712,383.21,0.6633552014995312,388.78,0.7155576382380504
680,79,2008,0.5055555555555626,0.5714285714285714,0.49444444444444713,0.6666666666666671,383.21,0.6633552014995312,388.78,0.7155576382380504
681,109,2008,0.9388888888888953,0.7142857142857142,0.4722222222222321,0.6666666666666666,383.21,0.6633552014995312,388.78,0.7155576382380504
682,125,2008,0.45000000000000906,0.5714285714285714,0.6722222222222278,0.6666666666666666,383.21,0.6633552014995312,388.78,0.7155576382380504
683,540,2008,0.6000000000000059,0.5,0.8611111111111249,0.7142857142857144,383.21,0.6633552014995312,388.78,0.7155576382380504
684,3,2009,0.2500000000000071,0.5,-0.4111111111111079,0.33333333333333404,384.64,0.6767572633552014,390.36,0.730365510777882
685,65,2009,0.5944444444444512,0.5714285714285714,-0.17222222222221006,0.4285714285714288,384.64,0.6767572633552014,390.36,0.730365510777882
686,79,2009,0.5055555555555626,0.5714285714285714,-0.061111111111110006,0.5,384.64,0.6767572633552014,390.36,0.730365510777882
687,109,2009,0.38333333333333997,0.5714285714285714,-0.08333333333332149,0.5000000000000006,384.64,0.6767572633552014,390.36,0.730365510777882
688,125,2009,0.45000000000000906,0.5714285714285714,-0.4388888888888829,0.3333333333333333,384.64,0.6767572633552014,390.36,0.730365510777882
689,540,2009,0.6000000000000059,0.5,-0.2499999999999858,0.4285714285714288,384.64,0.6767572633552014,390.36,0.730365510777882
690,3,2010,0.8055555555555625,0.6666666666666666,1.2555555555555564,0.8333333333333329,387.03,0.699156513589503,393.21,0.7570759137769445
691,65,2010,0.5944444444444512,0.5714285714285714,0.9388888888889007,0.7142857142857144,387.03,0.699156513589503,393.21,0.7570759137769445
692,79,2010,1.061111111111118,0.7142857142857142,1.0500000000000007,0.8333333333333329,387.03,0.699156513589503,393.21,0.7570759137769445
693,109,2010,0.9388888888888953,0.7142857142857142,1.0277777777777892,0.8333333333333338,387.03,0.699156513589503,393.21,0.7570759137769445
694,125,2010,0.45000000000000906,0.5714285714285714,0.6722222222222278,0.6666666666666666,387.03,0.699156513589503,393.21,0.7570759137769445
695,540,2010,1.155555555555562,0.6666666666666669,1.416666666666682,0.8571428571428577,387.03,0.699156513589503,393.21,0.7570759137769445
696,3,2011,1.3611111111111187,0.8333333333333334,1.2555555555555564,0.8333333333333329,389.19,0.7194001874414245,394.41,0.7683223992502346
697,65,2011,1.7055555555555628,0.8571428571428572,0.9388888888889007,0.7142857142857144,389.19,0.7194001874414245,394.41,0.7683223992502346
698,79,2011,1.6166666666666734,0.857142857142857,1.0500000000000007,0.8333333333333329,389.19,0.7194001874414245,394.41,0.7683223992502346
699,109,2011,1.4944444444444516,0.8571428571428572,1.0277777777777892,0.8333333333333338,389.19,0.7194001874414245,394.41,0.7683223992502346
700,125,2011,1.5611111111111207,0.8571428571428572,1.227777777777785,0.8333333333333338,389.19,0.7194001874414245,394.41,0.7683223992502346
701,540,2011,1.7111111111111175,0.8333333333333334,1.416666666666682,0.8571428571428577,389.19,0.7194001874414245,394.41,0.7683223992502346
702,3,2012,1.916666666666674,1.0,1.8111111111111136,1.0,391.27,0.7388940955951264,396.93,0.7919400187441425
703,65,2012,1.7055555555555628,0.8571428571428572,1.4944444444444542,0.8571428571428568,391.27,0.7388940955951264,396.93,0.7919400187441425
704,79,2012,2.1722222222222296,1.0,1.6055555555555578,1.0,391.27,0.7388940955951264,396.93,0.7919400187441425
705,109,2012,1.4944444444444516,0.8571428571428572,1.5833333333333428,1.0,391.27,0.7388940955951264,396.93,0.7919400187441425
706,125,2012,1.5611111111111207,0.8571428571428572,1.7833333333333385,1.0,391.27,0.7388940955951264,396.93,0.7919400187441425
707,540,2012,1.7111111111111175,0.8333333333333334,1.9722222222222356,1.0,391.27,0.7388940955951264,396.93,0.7919400187441425
708,3,2013,0.8055555555555625,0.6666666666666666,-0.4111111111111079,0.33333333333333404,393.72,0.7618556701030931,400.02,0.8208997188378631
709,65,2013,0.5944444444444512,0.5714285714285714,-0.17222222222221006,0.4285714285714288,393.72,0.7618556701030931,400.02,0.8208997188378631
710,79,2013,0.5055555555555626,0.5714285714285714,-0.6166666666666671,0.333333333333333,393.72,0.7618556701030931,400.02,0.8208997188378631
711,109,2013,0.9388888888888953,0.7142857142857142,-0.08333333333332149,0.5000000000000006,393.72,0.7618556701030931,400.02,0.8208997188378631
712,125,2013,0.45000000000000906,0.5714285714285714,-0.4388888888888829,0.3333333333333333,393.72,0.7618556701030931,400.02,0.8208997188378631
713,540,2013,0.6000000000000059,0.5,-0.2499999999999858,0.4285714285714288,393.72,0.7618556701030931,400.02,0.8208997188378631
714,3,2014,0.2500000000000071,0.5,-0.4111111111111079,0.33333333333333404,395.64,0.7798500468603561,401.96,0.8390815370196811
715,65,2014,0.038888888888895856,0.4285714285714286,-0.17222222222221006,0.4285714285714288,395.64,0.7798500468603561,401.96,0.8390815370196811
716,79,2014,-0.049999999999993605,0.4285714285714284,-0.6166666666666671,0.333333333333333,395.64,0.7798500468603561,401.96,0.8390815370196811
717,109,2014,-0.1722222222222154,0.4285714285714286,-0.6388888888888786,0.3333333333333333,395.64,0.7798500468603561,401.96,0.8390815370196811
718,125,2014,-0.1055555555555463,0.4285714285714286,-0.4388888888888829,0.3333333333333333,395.64,0.7798500468603561,401.96,0.8390815370196811
719,540,2014,0.044444444444450504,0.3333333333333334,-0.2499999999999858,0.4285714285714288,395.64,0.7798500468603561,401.96,0.8390815370196811
720,3,2015,1.3611111111111187,0.8333333333333334,0.7000000000000028,0.6666666666666671,397.82,0.8002811621368322,404.15,0.8596063730084347
721,65,2015,1.1500000000000075,0.7142857142857144,0.9388888888889007,0.7142857142857144,397.82,0.8002811621368322,404.15,0.8596063730084347
722,79,2015,1.061111111111118,0.7142857142857142,0.49444444444444713,0.6666666666666671,397.82,0.8002811621368322,404.15,0.8596063730084347
723,109,2015,1.4944444444444516,0.8571428571428572,0.4722222222222321,0.6666666666666666,397.82,0.8002811621368322,404.15,0.8596063730084347
724,125,2015,1.5611111111111207,0.8571428571428572,0.6722222222222278,0.6666666666666666,397.82,0.8002811621368322,404.15,0.8596063730084347
725,540,2015,1.155555555555562,0.6666666666666669,0.8611111111111249,0.7142857142857144,397.82,0.8002811621368322,404.15,0.8596063730084347
726,3,2016,1.3611111111111187,0.8333333333333334,1.2555555555555564,0.8333333333333329,401.23,0.8322399250234304,407.9,0.8947516401124647
727,65,2016,1.7055555555555628,0.8571428571428572,0.9388888888889007,0.7142857142857144,401.23,0.8322399250234304,407.9,0.8947516401124647
728,79,2016,1.6166666666666734,0.857142857142857,1.0500000000000007,0.8333333333333329,401.23,0.8322399250234304,407.9,0.8947516401124647
729,109,2016,1.4944444444444516,0.8571428571428572,1.0277777777777892,0.8333333333333338,401.23,0.8322399250234304,407.9,0.8947516401124647
730,125,2016,1.5611111111111207,0.8571428571428572,1.227777777777785,0.8333333333333338,401.23,0.8322399250234304,407.9,0.8947516401124647
731,540,2016,1.7111111111111175,0.8333333333333334,1.416666666666682,0.8571428571428577,401.23,0.8322399250234304,407.9,0.8947516401124647
732,3,2017,1.916666666666674,1.0,1.8111111111111136,1.0,403.57,0.8541705716963448,409.89,0.91340206185567
733,65,2017,1.7055555555555628,0.8571428571428572,1.4944444444444542,0.8571428571428568,403.57,0.8541705716963448,409.89,0.91340206185567
734,79,2017,2.1722222222222296,1.0,1.6055555555555578,1.0,403.57,0.8541705716963448,409.89,0.91340206185567
735,109,2017,1.4944444444444516,0.8571428571428572,1.0277777777777892,0.8333333333333338,403.57,0.8541705716963448,409.89,0.91340206185567
736,125,2017,1.5611111111111207,0.8571428571428572,1.227777777777785,0.8333333333333338,403.57,0.8541705716963448,409.89,0.91340206185567
737,540,2017,1.7111111111111175,0.8333333333333334,1.416666666666682,0.8571428571428577,403.57,0.8541705716963448,409.89,0.91340206185567
738,3,2018,1.3611111111111187,0.8333333333333334,0.7000000000000028,0.6666666666666671,405.71,0.8742268041237112,411.44,0.9279287722586692
739,65,2018,1.1500000000000075,0.7142857142857144,0.3833333333333435,0.5714285714285712,405.71,0.8742268041237112,411.44,0.9279287722586692
740,79,2018,2.1722222222222296,1.0,0.49444444444444713,0.6666666666666671,405.71,0.8742268041237112,411.44,0.9279287722586692
741,109,2018,1.4944444444444516,0.8571428571428572,0.4722222222222321,0.6666666666666666,405.71,0.8742268041237112,411.44,0.9279287722586692
742,125,2018,1.5611111111111207,0.8571428571428572,0.11666666666667425,0.5000000000000006,405.71,0.8742268041237112,411.44,0.9279287722586692
743,540,2018,1.7111111111111175,0.8333333333333334,0.30555555555557135,0.5714285714285721,405.71,0.8742268041237112,411.44,0.9279287722586692
744,3,2019,1.916666666666674,1.0,1.2555555555555564,0.8333333333333329,408.75,0.9027179006560451,414.86,0.9599812558575447
745,65,2019,2.261111111111118,1.0,0.9388888888889007,0.7142857142857144,408.75,0.9027179006560451,414.86,0.9599812558575447
746,79,2019,2.1722222222222296,1.0,1.6055555555555578,1.0,408.75,0.9027179006560451,414.86,0.9599812558575447
747,109,2019,2.050000000000007,1.0,1.0277777777777892,0.8333333333333338,408.75,0.9027179006560451,414.86,0.9599812558575447
748,125,2019,1.5611111111111207,0.8571428571428572,1.227777777777785,0.8333333333333338,408.75,0.9027179006560451,414.86,0.9599812558575447
749,540,2019,1.7111111111111175,0.8333333333333334,1.416666666666682,0.8571428571428577,408.75,0.9027179006560451,414.86,0.9599812558575447
750,3,2020,1.916666666666674,1.0,1.2555555555555564,0.8333333333333329,411.51,0.9285848172446111,417.31,0.9829428303655109
751,65,2020,2.261111111111118,1.0,0.9388888888889007,0.7142857142857144,411.51,0.9285848172446111,417.31,0.9829428303655109
752,79,2020,2.1722222222222296,1.0,1.6055555555555578,1.0,411.51,0.9285848172446111,417.31,0.9829428303655109
753,109,2020,2.050000000000007,1.0,1.0277777777777892,0.8333333333333338,411.51,0.9285848172446111,417.31,0.9829428303655109
754,125,2020,2.116666666666676,1.0,1.227777777777785,0.8333333333333338,411.51,0.9285848172446111,417.31,0.9829428303655109
755,540,2020,2.266666666666673,1.0,1.416666666666682,0.8571428571428577,411.51,0.9285848172446111,417.31,0.9829428303655109
756,3,2021,,,,,413.3,0.9453608247422682,419.13,1.0
757,65,2021,,,,,413.3,0.9453608247422682,419.13,1.0
758,79,2021,,,,,413.3,0.9453608247422682,419.13,1.0
759,109,2021,,,,,413.3,0.9453608247422682,419.13,1.0
760,125,2021,,,,,413.3,0.9453608247422682,419.13,1.0
761,540,2021,,,,,413.3,0.9453608247422682,419.13,1.0
