,county,year,Avg_Tempmin_anomaly,Avg_Tempmax_anomaly
0,3,1895,-1.4166666666666599,-0.966666666666665
1,65,1895,-1.627777777777771,-0.7277777777777672
2,79,1895,-1.1611111111111043,-1.1722222222222207
3,109,1895,-1.283333333333327,-0.6388888888888786
4,125,1895,-1.216666666666658,-0.99444444444444
5,540,1895,-1.066666666666661,-1.3611111111110965
6,3,1896,0.2500000000000071,-0.4111111111111079
7,65,1896,0.038888888888895856,-0.17222222222221006
8,79,1896,0.5055555555555626,-0.061111111111110006
9,109,1896,-0.1722222222222154,-0.08333333333332149
10,125,1896,1.0055555555555644,0.11666666666667425
11,540,1896,0.6000000000000059,-0.2499999999999858
12,3,1897,0.2500000000000071,0.1444444444444457
13,65,1897,0.038888888888895856,0.3833333333333435
14,79,1897,0.5055555555555626,-0.061111111111110006
15,109,1897,-0.1722222222222154,0.4722222222222321
16,125,1897,0.45000000000000906,0.11666666666667425
17,540,1897,0.6000000000000059,0.30555555555557135
18,3,1898,0.8055555555555625,-0.4111111111111079
19,65,1898,0.5944444444444512,0.3833333333333435
20,79,1898,1.061111111111118,-0.061111111111110006
21,109,1898,0.38333333333333997,0.4722222222222321
22,125,1898,1.0055555555555644,0.11666666666667425
23,540,1898,1.155555555555562,-0.2499999999999858
24,3,1899,0.2500000000000071,-0.4111111111111079
25,65,1899,0.038888888888895856,-0.17222222222221006
26,79,1899,-0.049999999999993605,-0.061111111111110006
27,109,1899,-0.1722222222222154,-0.08333333333332149
28,125,1899,-0.1055555555555463,-0.4388888888888829
29,540,1899,0.044444444444450504,-0.8055555555555394
30,3,1900,1.3611111111111187,0.7000000000000028
31,65,1900,1.1500000000000075,0.9388888888889007
32,79,1900,1.061111111111118,1.0500000000000007
33,109,1900,0.9388888888888953,1.0277777777777892
34,125,1900,1.0055555555555644,0.6722222222222278
35,540,1900,1.155555555555562,0.8611111111111249
36,3,1901,-0.30555555555554825,-1.5222222222222221
37,65,1901,0.038888888888895856,-1.2833333333333208
38,79,1901,-0.049999999999993605,-1.1722222222222207
39,109,1901,-0.1722222222222154,-1.1944444444444322
40,125,1901,-0.1055555555555463,-0.99444444444444
41,540,1901,-0.5111111111111049,-1.3611111111110965
42,3,1902,-0.30555555555554825,-0.4111111111111079
43,65,1902,0.038888888888895856,-0.7277777777777672
44,79,1902,-0.049999999999993605,-0.6166666666666671
45,109,1902,-0.1722222222222154,-0.6388888888888786
46,125,1902,-0.1055555555555463,-0.4388888888888829
47,540,1902,0.044444444444450504,-0.8055555555555394
48,3,1903,-0.30555555555554825,-0.966666666666665
49,65,1903,-1.0722222222222157,-1.2833333333333208
50,79,1903,-0.049999999999993605,-1.1722222222222207
51,109,1903,-0.7277777777777716,-0.6388888888888786
52,125,1903,-0.1055555555555463,-0.99444444444444
53,540,1903,-0.5111111111111049,-0.8055555555555394
54,3,1904,-0.8611111111111045,-1.5222222222222221
55,65,1904,-1.627777777777771,-1.838888888888878
56,79,1904,-1.1611111111111043,-1.7277777777777779
57,109,1904,-1.8388888888888824,-1.7499999999999893
58,125,1904,-1.216666666666658,-1.5499999999999936
59,540,1904,-1.066666666666661,-1.3611111111110965
60,3,1905,-0.30555555555554825,-0.966666666666665
61,65,1905,-0.5166666666666595,-0.7277777777777672
62,79,1905,-0.049999999999993605,-1.1722222222222207
63,109,1905,-0.7277777777777716,-0.6388888888888786
64,125,1905,-0.1055555555555463,-0.99444444444444
65,540,1905,-0.5111111111111049,-1.3611111111110965
66,3,1906,0.2500000000000071,-0.4111111111111079
67,65,1906,0.5944444444444512,-0.7277777777777672
68,79,1906,0.5055555555555626,-0.6166666666666671
69,109,1906,0.38333333333333997,-0.6388888888888786
70,125,1906,0.45000000000000906,-0.4388888888888829
71,540,1906,0.6000000000000059,-0.8055555555555394
72,3,1907,-0.8611111111111045,-0.966666666666665
73,65,1907,-0.5166666666666595,-1.2833333333333208
74,79,1907,-1.1611111111111043,-1.1722222222222207
75,109,1907,-0.7277777777777716,-1.1944444444444322
76,125,1907,-0.6611111111111025,-0.99444444444444
77,540,1907,-1.066666666666661,-0.8055555555555394
78,3,1908,0.2500000000000071,-0.4111111111111079
79,65,1908,0.038888888888895856,-0.17222222222221006
80,79,1908,-0.049999999999993605,-0.061111111111110006
81,109,1908,-0.1722222222222154,-0.08333333333332149
82,125,1908,-0.1055555555555463,-0.4388888888888829
83,540,1908,0.044444444444450504,-0.8055555555555394
84,3,1909,0.2500000000000071,-0.4111111111111079
85,65,1909,0.038888888888895856,-0.17222222222221006
86,79,1909,-0.049999999999993605,-0.061111111111110006
87,109,1909,-0.1722222222222154,-0.08333333333332149
88,125,1909,-0.1055555555555463,-0.4388888888888829
89,540,1909,0.044444444444450504,-0.2499999999999858
90,3,1910,-0.30555555555554825,-0.966666666666665
91,65,1910,0.038888888888895856,-0.7277777777777672
92,79,1910,-0.049999999999993605,-0.6166666666666671
93,109,1910,-0.1722222222222154,-0.6388888888888786
94,125,1910,-0.1055555555555463,-0.99444444444444
95,540,1910,0.044444444444450504,-0.8055555555555394
96,3,1911,0.2500000000000071,0.1444444444444457
97,65,1911,0.5944444444444512,0.3833333333333435
98,79,1911,0.5055555555555626,0.49444444444444713
99,109,1911,0.38333333333333997,0.4722222222222321
100,125,1911,0.45000000000000906,0.11666666666667425
101,540,1911,0.6000000000000059,0.30555555555557135
102,3,1912,-0.30555555555554825,-0.966666666666665
103,65,1912,-0.5166666666666595,-0.7277777777777672
104,79,1912,-0.605555555555549,-0.6166666666666671
105,109,1912,-0.1722222222222154,-0.6388888888888786
106,125,1912,-0.1055555555555463,-0.99444444444444
107,540,1912,-0.5111111111111049,-0.8055555555555394
108,3,1913,0.8055555555555625,0.1444444444444457
109,65,1913,0.5944444444444512,0.3833333333333435
110,79,1913,0.5055555555555626,0.49444444444444713
111,109,1913,0.9388888888888953,0.4722222222222321
112,125,1913,1.0055555555555644,0.11666666666667425
113,540,1913,0.6000000000000059,-0.2499999999999858
114,3,1914,-0.30555555555554825,-0.4111111111111079
115,65,1914,-0.5166666666666595,-0.17222222222221006
116,79,1914,-0.605555555555549,-0.6166666666666671
117,109,1914,-0.1722222222222154,-0.6388888888888786
118,125,1914,-0.1055555555555463,-0.4388888888888829
119,540,1914,-0.5111111111111049,-0.8055555555555394
120,3,1915,-0.30555555555554825,-0.4111111111111079
121,65,1915,0.038888888888895856,-0.7277777777777672
122,79,1915,-0.049999999999993605,-0.6166666666666671
123,109,1915,-0.1722222222222154,-0.6388888888888786
124,125,1915,-0.1055555555555463,-0.4388888888888829
125,540,1915,0.044444444444450504,-0.8055555555555394
126,3,1916,-0.30555555555554825,-0.4111111111111079
127,65,1916,0.038888888888895856,-0.17222222222221006
128,79,1916,-0.049999999999993605,-0.061111111111110006
129,109,1916,-0.1722222222222154,-0.08333333333332149
130,125,1916,-0.1055555555555463,-0.4388888888888829
131,540,1916,-0.5111111111111049,-0.2499999999999858
132,3,1917,-1.4166666666666599,-1.5222222222222221
133,65,1917,-1.0722222222222157,-1.838888888888878
134,79,1917,-1.1611111111111043,-1.7277777777777779
135,109,1917,-0.7277777777777716,-1.7499999999999893
136,125,1917,-1.216666666666658,-1.5499999999999936
137,540,1917,-1.066666666666661,-1.9166666666666536
138,3,1918,-0.30555555555554825,-0.4111111111111079
139,65,1918,0.038888888888895856,-0.17222222222221006
140,79,1918,-0.049999999999993605,-0.061111111111110006
141,109,1918,-0.1722222222222154,-0.08333333333332149
142,125,1918,-0.1055555555555463,-0.4388888888888829
143,540,1918,-0.5111111111111049,-0.2499999999999858
144,3,1919,0.2500000000000071,0.1444444444444457
145,65,1919,0.5944444444444512,0.3833333333333435
146,79,1919,0.5055555555555626,-0.061111111111110006
147,109,1919,0.38333333333333997,-0.08333333333332149
148,125,1919,0.45000000000000906,0.11666666666667425
149,540,1919,0.044444444444450504,-0.2499999999999858
150,3,1920,-0.30555555555554825,-0.966666666666665
151,65,1920,-0.5166666666666595,-1.2833333333333208
152,79,1920,-0.605555555555549,-1.1722222222222207
153,109,1920,-0.1722222222222154,-1.1944444444444322
154,125,1920,-0.6611111111111025,-0.99444444444444
155,540,1920,-0.5111111111111049,-1.3611111111110965
156,3,1921,1.3611111111111187,1.2555555555555564
157,65,1921,1.1500000000000075,1.4944444444444542
158,79,1921,1.061111111111118,1.6055555555555578
159,109,1921,1.4944444444444516,1.5833333333333428
160,125,1921,1.0055555555555644,1.227777777777785
161,540,1921,1.155555555555562,1.416666666666682
162,3,1922,0.8055555555555625,0.1444444444444457
163,65,1922,0.5944444444444512,-0.17222222222221006
164,79,1922,0.5055555555555626,-0.061111111111110006
165,109,1922,0.38333333333333997,-0.08333333333332149
166,125,1922,1.0055555555555644,0.11666666666667425
167,540,1922,0.6000000000000059,-0.2499999999999858
168,3,1923,0.2500000000000071,0.1444444444444457
169,65,1923,0.038888888888895856,-0.17222222222221006
170,79,1923,-0.049999999999993605,-0.061111111111110006
171,109,1923,-0.1722222222222154,-0.08333333333332149
172,125,1923,-0.1055555555555463,0.11666666666667425
173,540,1923,0.044444444444450504,-0.2499999999999858
174,3,1924,-0.8611111111111045,-1.5222222222222221
175,65,1924,-1.0722222222222157,-1.2833333333333208
176,79,1924,-1.1611111111111043,-1.1722222222222207
177,109,1924,-0.7277777777777716,-1.1944444444444322
178,125,1924,-0.6611111111111025,-0.99444444444444
179,540,1924,-1.066666666666661,-1.3611111111110965
180,3,1925,0.2500000000000071,0.1444444444444457
181,65,1925,0.038888888888895856,0.3833333333333435
182,79,1925,-0.049999999999993605,-0.061111111111110006
183,109,1925,0.38333333333333997,-0.08333333333332149
184,125,1925,-0.1055555555555463,0.11666666666667425
185,540,1925,0.044444444444450504,0.30555555555557135
186,3,1926,-0.30555555555554825,-0.966666666666665
187,65,1926,-0.5166666666666595,-0.7277777777777672
188,79,1926,-0.605555555555549,-0.6166666666666671
189,109,1926,-0.7277777777777716,-1.1944444444444322
190,125,1926,-0.1055555555555463,-0.99444444444444
191,540,1926,-0.5111111111111049,-0.8055555555555394
192,3,1927,0.2500000000000071,-0.4111111111111079
193,65,1927,0.5944444444444512,-0.17222222222221006
194,79,1927,0.5055555555555626,-0.061111111111110006
195,109,1927,0.38333333333333997,-0.08333333333332149
196,125,1927,0.45000000000000906,-0.4388888888888829
197,540,1927,0.044444444444450504,-0.2499999999999858
198,3,1928,-0.30555555555554825,-0.4111111111111079
199,65,1928,0.038888888888895856,-0.7277777777777672
200,79,1928,-0.049999999999993605,-0.6166666666666671
201,109,1928,-0.1722222222222154,-0.6388888888888786
202,125,1928,-0.1055555555555463,-0.99444444444444
203,540,1928,-0.5111111111111049,-0.8055555555555394
204,3,1929,-0.30555555555554825,-0.4111111111111079
205,65,1929,0.038888888888895856,-0.17222222222221006
206,79,1929,-0.049999999999993605,-0.061111111111110006
207,109,1929,-0.1722222222222154,-0.08333333333332149
208,125,1929,-0.1055555555555463,-0.4388888888888829
209,540,1929,-0.5111111111111049,-0.2499999999999858
210,3,1930,0.2500000000000071,0.7000000000000028
211,65,1930,0.038888888888895856,0.9388888888889007
212,79,1930,-0.049999999999993605,1.0500000000000007
213,109,1930,-0.1722222222222154,1.0277777777777892
214,125,1930,-0.1055555555555463,0.6722222222222278
215,540,1930,0.044444444444450504,0.8611111111111249
216,3,1931,0.8055555555555625,0.7000000000000028
217,65,1931,0.5944444444444512,0.9388888888889007
218,79,1931,1.061111111111118,1.0500000000000007
219,109,1931,0.9388888888888953,1.0277777777777892
220,125,1931,1.0055555555555644,0.6722222222222278
221,540,1931,1.155555555555562,0.8611111111111249
222,3,1932,0.2500000000000071,0.7000000000000028
223,65,1932,0.5944444444444512,0.9388888888889007
224,79,1932,0.5055555555555626,1.0500000000000007
225,109,1932,0.38333333333333997,1.0277777777777892
226,125,1932,0.45000000000000906,0.6722222222222278
227,540,1932,0.6000000000000059,0.8611111111111249
228,3,1933,0.8055555555555625,0.7000000000000028
229,65,1933,0.5944444444444512,0.9388888888889007
230,79,1933,1.061111111111118,0.49444444444444713
231,109,1933,0.9388888888888953,0.4722222222222321
232,125,1933,0.45000000000000906,0.6722222222222278
233,540,1933,0.6000000000000059,0.8611111111111249
234,3,1934,-0.30555555555554825,-0.4111111111111079
235,65,1934,0.038888888888895856,-0.17222222222221006
236,79,1934,-0.049999999999993605,-0.061111111111110006
237,109,1934,0.38333333333333997,-0.08333333333332149
238,125,1934,-0.1055555555555463,0.11666666666667425
239,540,1934,0.044444444444450504,-0.2499999999999858
240,3,1935,-0.30555555555554825,-0.966666666666665
241,65,1935,0.038888888888895856,-0.7277777777777672
242,79,1935,-0.049999999999993605,-0.6166666666666671
243,109,1935,-0.1722222222222154,-0.6388888888888786
244,125,1935,-0.1055555555555463,-0.4388888888888829
245,540,1935,0.044444444444450504,-0.8055555555555394
246,3,1936,-0.30555555555554825,0.1444444444444457
247,65,1936,0.038888888888895856,-0.17222222222221006
248,79,1936,-0.049999999999993605,-0.061111111111110006
249,109,1936,-0.1722222222222154,-0.08333333333332149
250,125,1936,-0.1055555555555463,0.11666666666667425
251,540,1936,0.044444444444450504,-0.2499999999999858
252,3,1937,-0.30555555555554825,-0.4111111111111079
253,65,1937,0.038888888888895856,-0.17222222222221006
254,79,1937,-0.049999999999993605,-0.6166666666666671
255,109,1937,0.38333333333333997,-0.6388888888888786
256,125,1937,-0.1055555555555463,-0.4388888888888829
257,540,1937,0.044444444444450504,-0.2499999999999858
258,3,1938,0.2500000000000071,0.7000000000000028
259,65,1938,0.5944444444444512,0.3833333333333435
260,79,1938,0.5055555555555626,0.49444444444444713
261,109,1938,0.9388888888888953,0.4722222222222321
262,125,1938,0.45000000000000906,0.6722222222222278
263,540,1938,0.6000000000000059,0.8611111111111249
264,3,1939,0.2500000000000071,0.7000000000000028
265,65,1939,0.5944444444444512,0.9388888888889007
266,79,1939,0.5055555555555626,0.49444444444444713
267,109,1939,0.38333333333333997,1.0277777777777892
268,125,1939,0.45000000000000906,0.6722222222222278
269,540,1939,0.6000000000000059,0.8611111111111249
270,3,1940,-0.8611111111111045,-1.5222222222222221
271,65,1940,-1.0722222222222157,-1.2833333333333208
272,79,1940,-1.1611111111111043,-1.1722222222222207
273,109,1940,-0.7277777777777716,-1.1944444444444322
274,125,1940,-1.216666666666658,-0.99444444444444
275,540,1940,-1.066666666666661,-1.3611111111110965
276,3,1941,0.2500000000000071,1.2555555555555564
277,65,1941,0.038888888888895856,0.9388888888889007
278,79,1941,-0.049999999999993605,1.0500000000000007
279,109,1941,-0.1722222222222154,1.0277777777777892
280,125,1941,-0.1055555555555463,1.227777777777785
281,540,1941,0.044444444444450504,1.416666666666682
282,3,1942,0.2500000000000071,0.1444444444444457
283,65,1942,0.038888888888895856,0.3833333333333435
284,79,1942,-0.049999999999993605,-0.061111111111110006
285,109,1942,0.38333333333333997,-0.08333333333332149
286,125,1942,-0.1055555555555463,0.11666666666667425
287,540,1942,0.044444444444450504,0.30555555555557135
288,3,1943,-0.30555555555554825,0.7000000000000028
289,65,1943,-0.5166666666666595,0.9388888888889007
290,79,1943,-0.605555555555549,0.49444444444444713
291,109,1943,-0.1722222222222154,1.0277777777777892
292,125,1943,-0.6611111111111025,0.6722222222222278
293,540,1943,-0.5111111111111049,0.8611111111111249
294,3,1944,-0.30555555555554825,0.1444444444444457
295,65,1944,0.038888888888895856,0.3833333333333435
296,79,1944,-0.049999999999993605,-0.061111111111110006
297,109,1944,-0.1722222222222154,0.4722222222222321
298,125,1944,-0.1055555555555463,0.11666666666667425
299,540,1944,0.044444444444450504,0.30555555555557135
300,3,1945,0.2500000000000071,0.1444444444444457
301,65,1945,0.5944444444444512,0.3833333333333435
302,79,1945,-0.049999999999993605,0.49444444444444713
303,109,1945,0.38333333333333997,0.4722222222222321
304,125,1945,-0.1055555555555463,0.6722222222222278
305,540,1945,0.044444444444450504,0.30555555555557135
306,3,1946,0.2500000000000071,0.7000000000000028
307,65,1946,0.5944444444444512,0.9388888888889007
308,79,1946,0.5055555555555626,1.0500000000000007
309,109,1946,0.38333333333333997,1.0277777777777892
310,125,1946,0.45000000000000906,0.6722222222222278
311,540,1946,0.6000000000000059,0.8611111111111249
312,3,1947,-0.30555555555554825,-0.4111111111111079
313,65,1947,-0.5166666666666595,-0.17222222222221006
314,79,1947,-0.049999999999993605,-0.061111111111110006
315,109,1947,-0.1722222222222154,-0.08333333333332149
316,125,1947,-0.6611111111111025,-0.4388888888888829
317,540,1947,-0.5111111111111049,-0.2499999999999858
318,3,1948,0.2500000000000071,0.1444444444444457
319,65,1948,0.038888888888895856,-0.17222222222221006
320,79,1948,-0.049999999999993605,-0.061111111111110006
321,109,1948,0.38333333333333997,-0.08333333333332149
322,125,1948,-0.1055555555555463,0.11666666666667425
323,540,1948,0.044444444444450504,-0.2499999999999858
324,3,1949,1.3611111111111187,1.2555555555555564
325,65,1949,1.1500000000000075,0.9388888888889007
326,79,1949,1.061111111111118,1.0500000000000007
327,109,1949,0.9388888888888953,1.0277777777777892
328,125,1949,1.0055555555555644,1.227777777777785
329,540,1949,1.155555555555562,0.8611111111111249
330,3,1950,-0.30555555555554825,-0.4111111111111079
331,65,1950,0.038888888888895856,-0.17222222222221006
332,79,1950,-0.049999999999993605,-0.061111111111110006
333,109,1950,-0.1722222222222154,-0.08333333333332149
334,125,1950,-0.1055555555555463,-0.4388888888888829
335,540,1950,0.044444444444450504,-0.2499999999999858
336,3,1951,-0.30555555555554825,0.7000000000000028
337,65,1951,0.038888888888895856,0.3833333333333435
338,79,1951,-0.049999999999993605,0.49444444444444713
339,109,1951,-0.1722222222222154,0.4722222222222321
340,125,1951,-0.1055555555555463,0.6722222222222278
341,540,1951,-0.5111111111111049,0.30555555555557135
342,3,1952,0.2500000000000071,0.7000000000000028
343,65,1952,0.038888888888895856,0.9388888888889007
344,79,1952,0.5055555555555626,0.49444444444444713
345,109,1952,0.38333333333333997,0.4722222222222321
346,125,1952,0.45000000000000906,0.6722222222222278
347,540,1952,0.044444444444450504,0.8611111111111249
348,3,1953,0.8055555555555625,1.8111111111111136
349,65,1953,0.5944444444444512,2.0500000000000114
350,79,1953,0.5055555555555626,1.6055555555555578
351,109,1953,0.38333333333333997,1.5833333333333428
352,125,1953,0.45000000000000906,1.7833333333333385
353,540,1953,0.6000000000000059,1.9722222222222356
354,3,1954,-0.30555555555554825,1.2555555555555564
355,65,1954,0.038888888888895856,0.9388888888889007
356,79,1954,-0.049999999999993605,1.0500000000000007
357,109,1954,-0.1722222222222154,1.0277777777777892
358,125,1954,-0.1055555555555463,1.227777777777785
359,540,1954,0.044444444444450504,1.416666666666682
360,3,1955,-0.30555555555554825,0.7000000000000028
361,65,1955,0.038888888888895856,0.3833333333333435
362,79,1955,-0.049999999999993605,0.49444444444444713
363,109,1955,-0.1722222222222154,0.4722222222222321
364,125,1955,-0.1055555555555463,0.6722222222222278
365,540,1955,0.044444444444450504,0.8611111111111249
366,3,1956,0.2500000000000071,0.1444444444444457
367,65,1956,0.038888888888895856,0.3833333333333435
368,79,1956,-0.049999999999993605,-0.061111111111110006
369,109,1956,0.38333333333333997,0.4722222222222321
370,125,1956,0.45000000000000906,0.6722222222222278
371,540,1956,0.044444444444450504,0.30555555555557135
372,3,1957,0.2500000000000071,0.1444444444444457
373,65,1957,0.5944444444444512,0.3833333333333435
374,79,1957,0.5055555555555626,0.49444444444444713
375,109,1957,0.38333333333333997,0.4722222222222321
376,125,1957,0.45000000000000906,0.11666666666667425
377,540,1957,0.6000000000000059,0.30555555555557135
378,3,1958,-0.8611111111111045,-0.966666666666665
379,65,1958,-1.0722222222222157,-1.2833333333333208
380,79,1958,-0.605555555555549,-1.1722222222222207
381,109,1958,-0.7277777777777716,-1.1944444444444322
382,125,1958,-1.216666666666658,-0.99444444444444
383,540,1958,-1.066666666666661,-0.8055555555555394
384,3,1959,0.2500000000000071,0.7000000000000028
385,65,1959,0.5944444444444512,0.9388888888889007
386,79,1959,0.5055555555555626,1.0500000000000007
387,109,1959,0.38333333333333997,1.0277777777777892
388,125,1959,0.45000000000000906,0.6722222222222278
389,540,1959,0.6000000000000059,0.8611111111111249
390,3,1960,-0.8611111111111045,-0.4111111111111079
391,65,1960,-0.5166666666666595,-0.7277777777777672
392,79,1960,-0.605555555555549,-0.6166666666666671
393,109,1960,-0.7277777777777716,-0.6388888888888786
394,125,1960,-0.6611111111111025,-0.4388888888888829
395,540,1960,-0.5111111111111049,-0.2499999999999858
396,3,1961,-0.30555555555554825,-0.4111111111111079
397,65,1961,-0.5166666666666595,-0.17222222222221006
398,79,1961,-0.049999999999993605,-0.6166666666666671
399,109,1961,-0.1722222222222154,-0.6388888888888786
400,125,1961,-0.1055555555555463,-0.4388888888888829
401,540,1961,0.044444444444450504,-0.2499999999999858
402,3,1962,-0.8611111111111045,-0.966666666666665
403,65,1962,-0.5166666666666595,-0.7277777777777672
404,79,1962,-0.605555555555549,-0.6166666666666671
405,109,1962,-0.7277777777777716,-1.1944444444444322
406,125,1962,-0.6611111111111025,-0.99444444444444
407,540,1962,-0.5111111111111049,-0.8055555555555394
408,3,1963,-1.4166666666666599,0.1444444444444457
409,65,1963,-1.627777777777771,0.3833333333333435
410,79,1963,-1.7166666666666597,-0.061111111111110006
411,109,1963,-1.283333333333327,-0.08333333333332149
412,125,1963,-1.7722222222222133,0.11666666666667425
413,540,1963,-1.066666666666661,0.30555555555557135
414,3,1964,-0.30555555555554825,0.1444444444444457
415,65,1964,-0.5166666666666595,0.3833333333333435
416,79,1964,-0.605555555555549,0.49444444444444713
417,109,1964,-0.1722222222222154,0.4722222222222321
418,125,1964,-0.1055555555555463,0.11666666666667425
419,540,1964,0.044444444444450504,0.30555555555557135
420,3,1965,-0.30555555555554825,0.1444444444444457
421,65,1965,-0.5166666666666595,0.3833333333333435
422,79,1965,-0.605555555555549,0.49444444444444713
423,109,1965,-0.1722222222222154,-0.08333333333332149
424,125,1965,-0.1055555555555463,0.11666666666667425
425,540,1965,-0.5111111111111049,0.30555555555557135
426,3,1966,-0.8611111111111045,-0.4111111111111079
427,65,1966,-1.0722222222222157,-0.17222222222221006
428,79,1966,-1.1611111111111043,-0.6166666666666671
429,109,1966,-1.283333333333327,-0.6388888888888786
430,125,1966,-0.6611111111111025,-0.4388888888888829
431,540,1966,-1.066666666666661,-0.2499999999999858
432,3,1967,-0.8611111111111045,-0.4111111111111079
433,65,1967,-1.0722222222222157,-0.7277777777777672
434,79,1967,-1.1611111111111043,-0.6166666666666671
435,109,1967,-1.283333333333327,-0.6388888888888786
436,125,1967,-1.216666666666658,-0.4388888888888829
437,540,1967,-1.066666666666661,-0.2499999999999858
438,3,1968,-0.8611111111111045,0.1444444444444457
439,65,1968,-0.5166666666666595,-0.17222222222221006
440,79,1968,-0.605555555555549,-0.061111111111110006
441,109,1968,-0.7277777777777716,-0.08333333333332149
442,125,1968,-0.6611111111111025,-0.4388888888888829
443,540,1968,-0.5111111111111049,-0.2499999999999858
444,3,1969,-0.30555555555554825,-0.966666666666665
445,65,1969,-0.5166666666666595,-0.7277777777777672
446,79,1969,-0.605555555555549,-0.6166666666666671
447,109,1969,-0.7277777777777716,-0.6388888888888786
448,125,1969,-0.6611111111111025,-0.99444444444444
449,540,1969,-0.5111111111111049,-0.8055555555555394
450,3,1970,0.2500000000000071,0.1444444444444457
451,65,1970,0.038888888888895856,0.3833333333333435
452,79,1970,-0.049999999999993605,-0.061111111111110006
453,109,1970,-0.1722222222222154,0.4722222222222321
454,125,1970,-0.1055555555555463,0.11666666666667425
455,540,1970,0.044444444444450504,0.30555555555557135
456,3,1971,0.2500000000000071,0.1444444444444457
457,65,1971,0.038888888888895856,-0.17222222222221006
458,79,1971,-0.049999999999993605,-0.061111111111110006
459,109,1971,0.38333333333333997,-0.08333333333332149
460,125,1971,0.45000000000000906,0.11666666666667425
461,540,1971,0.044444444444450504,0.30555555555557135
462,3,1972,-0.30555555555554825,-0.4111111111111079
463,65,1972,0.038888888888895856,-0.7277777777777672
464,79,1972,-0.049999999999993605,-0.6166666666666671
465,109,1972,-0.1722222222222154,-0.6388888888888786
466,125,1972,-0.1055555555555463,-0.4388888888888829
467,540,1972,-0.5111111111111049,-0.8055555555555394
468,3,1973,0.8055555555555625,0.7000000000000028
469,65,1973,0.5944444444444512,0.3833333333333435
470,79,1973,0.5055555555555626,0.49444444444444713
471,109,1973,0.38333333333333997,0.4722222222222321
472,125,1973,1.0055555555555644,0.11666666666667425
473,540,1973,0.6000000000000059,0.30555555555557135
474,3,1974,0.2500000000000071,0.7000000000000028
475,65,1974,0.038888888888895856,0.3833333333333435
476,79,1974,-0.049999999999993605,0.49444444444444713
477,109,1974,0.38333333333333997,0.4722222222222321
478,125,1974,0.45000000000000906,0.6722222222222278
479,540,1974,0.044444444444450504,0.30555555555557135
480,3,1975,0.2500000000000071,0.1444444444444457
481,65,1975,0.5944444444444512,-0.17222222222221006
482,79,1975,0.5055555555555626,-0.061111111111110006
483,109,1975,0.38333333333333997,-0.08333333333332149
484,125,1975,0.45000000000000906,0.11666666666667425
485,540,1975,0.044444444444450504,-0.2499999999999858
486,3,1976,-0.8611111111111045,-0.4111111111111079
487,65,1976,-1.0722222222222157,-0.17222222222221006
488,79,1976,-1.1611111111111043,-0.061111111111110006
489,109,1976,-0.7277777777777716,-0.08333333333332149
490,125,1976,-0.6611111111111025,0.11666666666667425
491,540,1976,-1.066666666666661,-0.2499999999999858
492,3,1977,-0.30555555555554825,0.1444444444444457
493,65,1977,0.038888888888895856,0.3833333333333435
494,79,1977,-0.049999999999993605,-0.061111111111110006
495,109,1977,-0.1722222222222154,0.4722222222222321
496,125,1977,-0.1055555555555463,0.11666666666667425
497,540,1977,-0.5111111111111049,0.30555555555557135
498,3,1978,-0.8611111111111045,-0.966666666666665
499,65,1978,-0.5166666666666595,-0.7277777777777672
500,79,1978,-0.605555555555549,-0.6166666666666671
501,109,1978,-0.7277777777777716,-0.6388888888888786
502,125,1978,-0.6611111111111025,-0.4388888888888829
503,540,1978,-0.5111111111111049,-0.8055555555555394
504,3,1979,-0.30555555555554825,-0.966666666666665
505,65,1979,-0.5166666666666595,-0.7277777777777672
506,79,1979,-0.049999999999993605,-0.6166666666666671
507,109,1979,-0.1722222222222154,-0.6388888888888786
508,125,1979,-0.1055555555555463,-0.99444444444444
509,540,1979,-0.5111111111111049,-0.8055555555555394
510,3,1980,-0.30555555555554825,0.1444444444444457
511,65,1980,-0.5166666666666595,-0.17222222222221006
512,79,1980,-0.049999999999993605,-0.061111111111110006
513,109,1980,-0.1722222222222154,-0.08333333333332149
514,125,1980,-0.1055555555555463,0.11666666666667425
515,540,1980,0.044444444444450504,-0.2499999999999858
516,3,1981,-0.30555555555554825,-0.4111111111111079
517,65,1981,-0.5166666666666595,-0.17222222222221006
518,79,1981,-0.605555555555549,-0.6166666666666671
519,109,1981,-0.7277777777777716,-0.08333333333332149
520,125,1981,-0.6611111111111025,-0.4388888888888829
521,540,1981,-0.5111111111111049,-0.2499999999999858
522,3,1982,0.2500000000000071,-0.4111111111111079
523,65,1982,0.038888888888895856,-0.17222222222221006
524,79,1982,-0.049999999999993605,-0.061111111111110006
525,109,1982,0.38333333333333997,-0.08333333333332149
526,125,1982,-0.1055555555555463,-0.4388888888888829
527,540,1982,0.044444444444450504,-0.2499999999999858
528,3,1983,-0.30555555555554825,0.1444444444444457
529,65,1983,0.038888888888895856,-0.17222222222221006
530,79,1983,-0.049999999999993605,-0.061111111111110006
531,109,1983,0.38333333333333997,-0.08333333333332149
532,125,1983,-0.1055555555555463,0.11666666666667425
533,540,1983,0.044444444444450504,-0.2499999999999858
534,3,1984,0.2500000000000071,0.1444444444444457
535,65,1984,0.038888888888895856,0.3833333333333435
536,79,1984,0.5055555555555626,-0.061111111111110006
537,109,1984,0.38333333333333997,-0.08333333333332149
538,125,1984,0.45000000000000906,0.11666666666667425
539,540,1984,0.6000000000000059,0.30555555555557135
540,3,1985,0.8055555555555625,0.7000000000000028
541,65,1985,0.5944444444444512,0.3833333333333435
542,79,1985,0.5055555555555626,0.49444444444444713
543,109,1985,0.9388888888888953,0.4722222222222321
544,125,1985,0.45000000000000906,0.11666666666667425
545,540,1985,0.6000000000000059,0.30555555555557135
546,3,1986,0.8055555555555625,0.7000000000000028
547,65,1986,0.5944444444444512,0.3833333333333435
548,79,1986,0.5055555555555626,0.49444444444444713
549,109,1986,0.38333333333333997,0.4722222222222321
550,125,1986,0.45000000000000906,0.6722222222222278
551,540,1986,0.6000000000000059,0.30555555555557135
552,3,1987,0.2500000000000071,0.7000000000000028
553,65,1987,0.038888888888895856,0.3833333333333435
554,79,1987,0.5055555555555626,0.49444444444444713
555,109,1987,0.38333333333333997,0.4722222222222321
556,125,1987,0.45000000000000906,0.6722222222222278
557,540,1987,0.6000000000000059,0.30555555555557135
558,3,1988,-0.8611111111111045,0.1444444444444457
559,65,1988,-0.5166666666666595,-0.17222222222221006
560,79,1988,-0.605555555555549,0.49444444444444713
561,109,1988,-0.7277777777777716,-0.08333333333332149
562,125,1988,-0.6611111111111025,0.11666666666667425
563,540,1988,-0.5111111111111049,0.30555555555557135
564,3,1989,0.2500000000000071,-0.4111111111111079
565,65,1989,0.038888888888895856,-0.17222222222221006
566,79,1989,-0.049999999999993605,-0.6166666666666671
567,109,1989,-0.1722222222222154,-0.6388888888888786
568,125,1989,-0.1055555555555463,-0.4388888888888829
569,540,1989,0.044444444444450504,-0.2499999999999858
570,3,1990,1.3611111111111187,1.8111111111111136
571,65,1990,1.1500000000000075,1.4944444444444542
572,79,1990,1.6166666666666734,1.6055555555555578
573,109,1990,1.4944444444444516,1.5833333333333428
574,125,1990,1.0055555555555644,1.7833333333333385
575,540,1990,1.155555555555562,1.9722222222222356
576,3,1991,1.3611111111111187,1.8111111111111136
577,65,1991,1.1500000000000075,1.4944444444444542
578,79,1991,1.061111111111118,1.6055555555555578
579,109,1991,0.9388888888888953,1.5833333333333428
580,125,1991,1.0055555555555644,1.7833333333333385
581,540,1991,1.155555555555562,1.416666666666682
582,3,1992,0.2500000000000071,-0.4111111111111079
583,65,1992,0.038888888888895856,-0.7277777777777672
584,79,1992,0.5055555555555626,-0.6166666666666671
585,109,1992,-0.1722222222222154,-0.6388888888888786
586,125,1992,0.45000000000000906,-0.4388888888888829
587,540,1992,0.6000000000000059,-0.8055555555555394
588,3,1993,0.2500000000000071,0.1444444444444457
589,65,1993,0.038888888888895856,-0.17222222222221006
590,79,1993,0.5055555555555626,-0.061111111111110006
591,109,1993,-0.1722222222222154,-0.08333333333332149
592,125,1993,0.45000000000000906,0.11666666666667425
593,540,1993,0.6000000000000059,0.30555555555557135
594,3,1994,0.2500000000000071,0.7000000000000028
595,65,1994,0.038888888888895856,0.3833333333333435
596,79,1994,0.5055555555555626,0.49444444444444713
597,109,1994,0.38333333333333997,0.4722222222222321
598,125,1994,0.45000000000000906,0.6722222222222278
599,540,1994,0.6000000000000059,0.8611111111111249
600,3,1995,0.2500000000000071,0.1444444444444457
601,65,1995,0.5944444444444512,-0.17222222222221006
602,79,1995,0.5055555555555626,-0.061111111111110006
603,109,1995,0.38333333333333997,-0.08333333333332149
604,125,1995,-0.1055555555555463,0.11666666666667425
605,540,1995,0.6000000000000059,0.30555555555557135
606,3,1996,0.2500000000000071,-0.4111111111111079
607,65,1996,0.038888888888895856,-0.7277777777777672
608,79,1996,-0.049999999999993605,-0.6166666666666671
609,109,1996,-0.1722222222222154,-0.6388888888888786
610,125,1996,-0.1055555555555463,-0.4388888888888829
611,540,1996,0.044444444444450504,-0.2499999999999858
612,3,1997,0.2500000000000071,0.1444444444444457
613,65,1997,0.038888888888895856,-0.17222222222221006
614,79,1997,-0.049999999999993605,-0.061111111111110006
615,109,1997,-0.1722222222222154,-0.08333333333332149
616,125,1997,-0.1055555555555463,0.11666666666667425
617,540,1997,0.044444444444450504,0.30555555555557135
618,3,1998,1.916666666666674,1.8111111111111136
619,65,1998,1.7055555555555628,1.4944444444444542
620,79,1998,1.6166666666666734,1.6055555555555578
621,109,1998,1.4944444444444516,1.5833333333333428
622,125,1998,1.5611111111111207,1.7833333333333385
623,540,1998,1.7111111111111175,1.9722222222222356
624,3,1999,0.8055555555555625,1.2555555555555564
625,65,1999,0.5944444444444512,1.4944444444444542
626,79,1999,0.5055555555555626,1.6055555555555578
627,109,1999,0.38333333333333997,1.0277777777777892
628,125,1999,0.45000000000000906,1.227777777777785
629,540,1999,0.6000000000000059,1.416666666666682
630,3,2000,0.2500000000000071,0.1444444444444457
631,65,2000,0.038888888888895856,0.3833333333333435
632,79,2000,0.5055555555555626,0.49444444444444713
633,109,2000,-0.1722222222222154,-0.08333333333332149
634,125,2000,-0.1055555555555463,0.11666666666667425
635,540,2000,0.044444444444450504,0.30555555555557135
636,3,2001,0.2500000000000071,1.2555555555555564
637,65,2001,0.038888888888895856,0.9388888888889007
638,79,2001,0.5055555555555626,1.0500000000000007
639,109,2001,0.38333333333333997,1.0277777777777892
640,125,2001,0.45000000000000906,1.227777777777785
641,540,2001,0.6000000000000059,1.416666666666682
642,3,2002,0.8055555555555625,1.2555555555555564
643,65,2002,0.5944444444444512,0.9388888888889007
644,79,2002,1.061111111111118,1.0500000000000007
645,109,2002,0.9388888888888953,1.0277777777777892
646,125,2002,1.0055555555555644,1.227777777777785
647,540,2002,1.155555555555562,1.416666666666682
648,3,2003,0.8055555555555625,-0.4111111111111079
649,65,2003,0.5944444444444512,-0.7277777777777672
650,79,2003,0.5055555555555626,-0.6166666666666671
651,109,2003,0.38333333333333997,-0.6388888888888786
652,125,2003,0.45000000000000906,-0.4388888888888829
653,540,2003,0.6000000000000059,-0.2499999999999858
654,3,2004,1.3611111111111187,0.7000000000000028
655,65,2004,1.1500000000000075,0.3833333333333435
656,79,2004,1.061111111111118,0.49444444444444713
657,109,2004,0.9388888888888953,-0.08333333333332149
658,125,2004,1.0055555555555644,0.11666666666667425
659,540,2004,1.155555555555562,0.30555555555557135
660,3,2005,0.8055555555555625,0.7000000000000028
661,65,2005,0.5944444444444512,0.3833333333333435
662,79,2005,1.061111111111118,0.49444444444444713
663,109,2005,0.9388888888888953,0.4722222222222321
664,125,2005,1.0055555555555644,0.6722222222222278
665,540,2005,1.155555555555562,0.8611111111111249
666,3,2006,1.3611111111111187,1.2555555555555564
667,65,2006,0.5944444444444512,1.4944444444444542
668,79,2006,1.061111111111118,1.6055555555555578
669,109,2006,0.9388888888888953,1.0277777777777892
670,125,2006,1.0055555555555644,1.227777777777785
671,540,2006,1.155555555555562,1.416666666666682
672,3,2007,0.8055555555555625,1.2555555555555564
673,65,2007,1.1500000000000075,0.9388888888889007
674,79,2007,1.061111111111118,1.0500000000000007
675,109,2007,0.9388888888888953,1.0277777777777892
676,125,2007,1.0055555555555644,1.227777777777785
677,540,2007,1.155555555555562,1.416666666666682
678,3,2008,0.8055555555555625,0.7000000000000028
679,65,2008,0.5944444444444512,0.3833333333333435
680,79,2008,0.5055555555555626,0.49444444444444713
681,109,2008,0.9388888888888953,0.4722222222222321
682,125,2008,0.45000000000000906,0.6722222222222278
683,540,2008,0.6000000000000059,0.8611111111111249
684,3,2009,0.2500000000000071,-0.4111111111111079
685,65,2009,0.5944444444444512,-0.17222222222221006
686,79,2009,0.5055555555555626,-0.061111111111110006
687,109,2009,0.38333333333333997,-0.08333333333332149
688,125,2009,0.45000000000000906,-0.4388888888888829
689,540,2009,0.6000000000000059,-0.2499999999999858
690,3,2010,0.8055555555555625,1.2555555555555564
691,65,2010,0.5944444444444512,0.9388888888889007
692,79,2010,1.061111111111118,1.0500000000000007
693,109,2010,0.9388888888888953,1.0277777777777892
694,125,2010,0.45000000000000906,0.6722222222222278
695,540,2010,1.155555555555562,1.416666666666682
696,3,2011,1.3611111111111187,1.2555555555555564
697,65,2011,1.7055555555555628,0.9388888888889007
698,79,2011,1.6166666666666734,1.0500000000000007
699,109,2011,1.4944444444444516,1.0277777777777892
700,125,2011,1.5611111111111207,1.227777777777785
701,540,2011,1.7111111111111175,1.416666666666682
702,3,2012,1.916666666666674,1.8111111111111136
703,65,2012,1.7055555555555628,1.4944444444444542
704,79,2012,2.1722222222222296,1.6055555555555578
705,109,2012,1.4944444444444516,1.5833333333333428
706,125,2012,1.5611111111111207,1.7833333333333385
707,540,2012,1.7111111111111175,1.9722222222222356
708,3,2013,0.8055555555555625,-0.4111111111111079
709,65,2013,0.5944444444444512,-0.17222222222221006
710,79,2013,0.5055555555555626,-0.6166666666666671
711,109,2013,0.9388888888888953,-0.08333333333332149
712,125,2013,0.45000000000000906,-0.4388888888888829
713,540,2013,0.6000000000000059,-0.2499999999999858
714,3,2014,0.2500000000000071,-0.4111111111111079
715,65,2014,0.038888888888895856,-0.17222222222221006
716,79,2014,-0.049999999999993605,-0.6166666666666671
717,109,2014,-0.1722222222222154,-0.6388888888888786
718,125,2014,-0.1055555555555463,-0.4388888888888829
719,540,2014,0.044444444444450504,-0.2499999999999858
720,3,2015,1.3611111111111187,0.7000000000000028
721,65,2015,1.1500000000000075,0.9388888888889007
722,79,2015,1.061111111111118,0.49444444444444713
723,109,2015,1.4944444444444516,0.4722222222222321
724,125,2015,1.5611111111111207,0.6722222222222278
725,540,2015,1.155555555555562,0.8611111111111249
726,3,2016,1.3611111111111187,1.2555555555555564
727,65,2016,1.7055555555555628,0.9388888888889007
728,79,2016,1.6166666666666734,1.0500000000000007
729,109,2016,1.4944444444444516,1.0277777777777892
730,125,2016,1.5611111111111207,1.227777777777785
731,540,2016,1.7111111111111175,1.416666666666682
732,3,2017,1.916666666666674,1.8111111111111136
733,65,2017,1.7055555555555628,1.4944444444444542
734,79,2017,2.1722222222222296,1.6055555555555578
735,109,2017,1.4944444444444516,1.0277777777777892
736,125,2017,1.5611111111111207,1.227777777777785
737,540,2017,1.7111111111111175,1.416666666666682
738,3,2018,1.3611111111111187,0.7000000000000028
739,65,2018,1.1500000000000075,0.3833333333333435
740,79,2018,2.1722222222222296,0.49444444444444713
741,109,2018,1.4944444444444516,0.4722222222222321
742,125,2018,1.5611111111111207,0.11666666666667425
743,540,2018,1.7111111111111175,0.30555555555557135
744,3,2019,1.916666666666674,1.2555555555555564
745,65,2019,2.261111111111118,0.9388888888889007
746,79,2019,2.1722222222222296,1.6055555555555578
747,109,2019,2.050000000000007,1.0277777777777892
748,125,2019,1.5611111111111207,1.227777777777785
749,540,2019,1.7111111111111175,1.416666666666682
750,3,2020,1.916666666666674,1.2555555555555564
751,65,2020,2.261111111111118,0.9388888888889007
752,79,2020,2.1722222222222296,1.6055555555555578
753,109,2020,2.050000000000007,1.0277777777777892
754,125,2020,2.116666666666676,1.227777777777785
755,540,2020,2.266666666666673,1.416666666666682
756,3,2021,,
757,65,2021,,
758,79,2021,,
759,109,2021,,
760,125,2021,,
761,540,2021,,
